title_id,title_name,title_year
tt0898266,The Big Bang Theory,(2007– )
tt0096697,The Simpsons,(1989– )
tt9095260,Criminal Justice,(2019– )
tt9398466,Delhi Crime,(2019– )
tt6494622,Made in Heaven,(2019– )
tt0285333,Alias,(2001–2006)
tt6077448,Sacred Games,(2018– )
tt6473300,Mirzapur,(2018– )
tt7269100,Laakhon Mein Ek,(2017– )
tt8228316,Gandii Baat,(2018– )
tt9426440,The Final Call,(2019– )
tt8242548,Four More Shots Please,(2019– )
tt6112414,Inside Edge,(2017– )
tt6466208,Breathe,(2018– )
tt6009150,Karenjit Kaur - The Untold Story of Sunny Leone,(2018– )
tt0158417,Mahabharat,(1988–1990)
tt8392006,Apharan,(2018– )
tt8062474,21 Sarfarosh Saragarhi 1897,(2018– )
tt9778022,Abhay,(2019– )
tt8317568,Broken But Beautiful,(2018– )
tt2792284,24: India,(2013– )
tt6522580,Little Things,(2016– )
tt5747326,The Kapil Sharma Show,(2016– )
tt7392222,Ragini MMS Returns,(2017– )
tt4156586,Permanent Roommates,(2014– )
tt8351480,Puncch Beat,(2018– )
tt8254348,ImMATURE,(2019– )
tt8595766,Yeh Meri Family,(2018– )
tt8130522,Love Lust and Confusion,(2018– )
tt1739744,Powder,(2010– )
tt5323298,Naagin,(2015– )
tt2300165,Iss Pyaar Ko Kya Naam Doon,(2011– )
tt9420618,Rangbaaz,(2018– )
tt7927936,Flames,(2018– )
tt4014320,MTV Kaisi Yeh Yaariyan,(2014– )
tt4853764,Stories by Rabindranath Tagore,(2015)
tt9077626,Smoke,(2018–2019)
tt4193556,The Suite Life of Karan & Kabir,(2012– )
tt5547122,Bhabhi,(2002–2008)
tt8523124,Dil Hi Toh Hai,(2018– )
tt1118804,Clannad,(2007–2008)
tt8809646,College Romance,(2018– )
tt7665182,TVF Bachelors,(2016– )
tt3911870,Kumkum Bhagya,(2014– )
tt7151510,Dev DD,(2017– )
tt7151584,Karrle Tu Bhi Mohabbat,(2017– )
tt3212600,Mahabharat,(2013–2014)
tt1494058,Kahiin To Hoga,(2003–2007)
tt1900118,Kitani Mohabbat Hai,(2009– )
tt6868278,The Test Case,(2017– )
tt6883044,Bose: Dead/Alive,(2017)
tt3426342,Jodha Akbar,(2013– )
tt1708446,Taarak Mehta Ka Ooltah Chashmah,(2008– )
tt1889879,Kayamath,(2007– )
tt8006806,Kehne Ko Humsafar Hain,(2018– )
tt8324806,Kaushiki,(2018)
tt9737600,Divya Drishti,(2019– )
tt1281973,Bigg Boss,(2006– )
tt7154568,Tere Liye,(2010–2011)
tt5201864,Hatim,(2003–2004)
tt7781554,Bepannaah,(2018– )
tt2147999,Devon Ke Dev... Mahadev,(2011–2014)
tt0244911,Malgudi Days,(1987–2006)
tt7205164,Maaya: Slave of Her Desires,(2017)
tt3476414,Laagi Tujhse Lagan,(2009–2012)
tt8292460,The Great Indian Dysfunctional Family,(2018– )
tt1739752,Rishta.com,(2010– )
tt9833584,Yeh Rishtey Hain Pyaar Ke,(2019– )
tt0157217,Byomkesh Bakshi,(1993–1997)
tt7715102,Shockers,(2016– )
tt1341970,Kahaani Ghar Ghar Kii,(2000–2008)
tt5919914,Ishqbaaaz,(2016– )
tt2103372,Balika Vadhu,(2008–2016)
tt9401936,Girls Hostel,(2018– )
tt0401916,C.I.D.,(1998– )
tt8806156,Dil Dosti Dance,(2011–2016)
tt6141604,Box Cricket League,(2014– )
tt8729932,Kasautii Zindagii Kay,(2018– )
tt9024790,Hey Prabhu!,(2019)
tt1592812,Shararat,(2003–2006)
tt0809387,Kasamh Se,(2006– )
tt9779850,Chhoriyan,(2019– )
tt8765712,Dharam Veer,(2008)
tt8479368,Anjaan: Special Crimes Unit,(2018– )
tt8706902,Nazar,(2018– )
tt5989104,May I Come in Madam?,(2016– )
tt5697728,Kuch Rang Pyar Ke Aise Bhi,(2016–2017)
tt4775018,Baked,(2015– )
tt1450737,Kasautii Zindagii Kay,(2001–2008)
tt6795580,Operation Cobra,(2019– )
tt7383658,Yeh Un Dinon Ki Baat Hai,(2017– )
tt5154982,Bhabi Ji Ghar Par Hai,(2015– )
tt5958200,Gunahon Ka Devta,(2010–2011)
tt0363341,Hum Log,(1984–1985)
tt6585100,Iss Pyaar Ko Kya Naam Doon? Ek Baar Phir,(2013–2015)
tt2955622,Chandragupta Maurya,(2011–2012)
tt7752860,Tu Aashiqui,(2017– )
tt2375256,Gumrah End of Innocence,(2012– )
tt2004927,Sssshh... Phir Koi Hai (Tritiya),(2010– )
tt5328326,Suryaputra Karn,(2015– )
tt8903210,Guddan - Tumse Na Ho Paayega,(2018– )
tt6268260,The Aam Aadmi Family,(2016– )
tt2500352,Qubool Hai,(2012–2016)
tt6350894,Pardes Mein Hai Mera Dil,(2016– )
tt3248552,Pyaar Ka Dard Hai Meetha Meetha Pyaara Pyaara,(2012– )
tt6829194,Kasturi,(2007–2010)
tt6805492,Chotti Bahu,(2008–2012)
tt9480484,Anjaan: Rural Myths,(2018)
tt1518542,Sarabhai vs Sarabhai,(2004–2017)
tt0461877,Kutumb,(2000–2003)
tt3175266,Sonpari,(2001)
tt3550730,Yeh Hai Mohabbatein,(2013– )
tt0389680,Shaktimaan,(1997–2005)
tt7901874,Aapke Aa Jaane Se,(2018– )
tt9432978,Kota Factory,(2019– )
tt7310234,Best Friends Forever?,(2012–2013)
tt0295776,Fauji,(1988)
tt6994570,Ek veer ki adaas: Veera,(2012–2015)
tt8305218,The Office (India),(2019– )
tt10042110,BOSS: Baap of Special Services,(2019– )
tt1985481,Jai Shri Krishna,(2008–2009)
tt3676882,Shaka Laka Boom Boom,(2000–2004)
tt6114506,Ek Duje Ke Vaaste,(2016– )
tt1094444,Kaisa Yeh Pyaar Hai,(2005–2006)
tt4523406,Savdhaan India: Crime Alert,(2012– )
tt7153022,Girl in the City Chapter 2,(2017)
tt7166518,Rain,(2017– )
tt9910242,Shaadi Ke Siyape,(2019– )
tt2603432,Karam Apnaa Apnaa,(2006–2009)
tt9081856,13 Mussoorie,(2018)
tt1860700,Khotey Sikkey,(2011– )
tt4068208,Yeh Hai Aashiqui,(I) (2013– )
tt2282359,Pavitra Rishta,(2009– )
tt9209760,Manmohini,(2018– )
tt7151596,Romil and Jugal,(2017– )
tt0268093,Ramayan,(1987–1988)
tt0278212,Kyunki... Saas Bhi Kabhi Bahu Thi...,(2000–2008)
tt6890994,Kaala Teeka,(2015–2017)
tt10055910,Sex Drugs & Theatre,(2019– )
tt6979286,Maharakshak Aryan,(2014–2015)
tt9649436,Enaaya,(2019– )
tt0397120,Aaryaman Brahmand Ka Yoddha,(2002– )
tt7880766,Jijaji Chhat Par Hai,(2018– )
tt7357672,What the Folks,(2017– )
tt7651452,Bahu Hamari Rajni Kant,(2016–2017)
tt2764752,Saraswatichandra,(2013– )
tt4570984,Akbar Birbal,(2014– )
tt3433480,Buddha: Rajaon ka Raja,(2013– )
tt0250875,Kaun Banega Crorepati?,(2000– )
tt9031094,SideHero,(2018– )
tt9203736,Tantra,(2018– )
tt7189506,CLASS of 2017,(2017– )
tt9025262,Aafat,(2019– )
tt5830106,Life Sahi Hai,(2016– )
tt4643420,Om Nom Stories,(2011– )
tt9179242,Ashish Chanchlani Vines,(2016– )
tt10118590,The Insiders,(2019– )
tt7345926,CYBERSQUAD,(2017– )
tt2445744,Dekh Bhai Dekh,(1993– )
tt9760930,Bhakhawadi,(2019– )
tt9135686,Paramavatar Shri Krishna,(2017– )
tt1949650,Best of Luck Nikki,(2011– )
tt2787558,Ninja Hattori,(1981–1987)
tt0389586,Buniyaad,(1987–1988)
tt9737288,The Red Land,(2019– )
tt8439410,Shakuntala,(2009)
tt0389673,Ramayan,(2002– )
tt8254592,Chacha Vidhayak Hain Hamare,(2018– )
tt2317751,Indian Premier League,(2008– )
tt2429834,Kuch Toh Log Kahenge,(2011– )
tt7112704,Yeh Rishta Kya Kehlata Hai,(2009– )
tt5249430,Dharti Ka Veer Yodha Prithviraj Chauhan,(2006–2009)
tt1486317,Kavyanjali,(2005–2006)
tt2263530,Left Right Left,(2006–2008)
tt1863997,Saath Nibhana Saathiya,(2010– )
tt2016058,Sssshh... Phir Koi Hai,(2006–2009)
tt5919848,Dil Se Di Dua... Saubhagyavati Bhava?,(2011–2013)
tt9549012,Parchhayee: Ghost Stories by Ruskin Bond,(2019– )
tt6792644,Agent raghav,(2015–2016)
tt6803712,Dharmakshetra,(2014–2015)
tt7222902,Dev,(2017– )
tt0294139,Luv Kush,(1988– )
tt8207654,It Happened In Hong Kong,(2018)
tt8240188,Vighnaharta Ganesha,(2017– )
tt4625362,Oye Jassie,(2013– )
tt0389593,Chanakya,(1990– )
tt8417536,Khan: No. 1 Crime Hunter,(2018– )
tt8682658,Memories,(2018)
tt0307837,Swabhimaan,(1995– )
tt9637002,Band Baja Bandh Darwaza,(2019– )
tt8774964,Ye Teri Galliyan,(2018– )
tt7947414,Rang Badalti Odhani,(2010–2011)
tt5745872,A.I.SHA: My Virtual Girlfriend,(2016– )
tt1392552,Dance India Dance,(2009– )
tt8983290,Meri Hanikarak Biwi,(2017– )
tt1727829,Khichdi,(2002– )
tt8175958,Yeh Pyaar Nahi Toh Kya Hai,(2018– )
tt8374588,Badi Door Se Aaye Hain,(2014–2016)
tt3402548,Comedy Nights with Kapil,(2013–2016)
tt9829142,Pyaar ke papad,(2019– )
tt0069576,Doraemon,(1979–2005)
tt2452062,Jai Hanuman,(1997–2000)
tt3216182,Bharat Ka Veer Putra - Maharana Pratap,(2013– )
tt7456390,Haq Se,(2018– )
tt9537378,The Investigation,(II) (2019– )
tt8163874,Kullfi Kumarr Bajewala,(2018– )
tt7454708,Naaginn: Waadon Ki Agniparikshaa,(2007–2009)
tt0390792,Vikram Aur Betaal,(1988– )
tt8569202,Roop - Mard Ka Naya Swaroop,(2018– )
tt8561222,The Adventures of Hatim,(2013–2014)
tt8937498,Savdhaan India - Naya Adhdhay,(2018– )
tt7151570,Bewafaa Sii Wafaa,(2017– )
tt5653500,Beintehaa,(2013–2014)
tt5864184,Lapataganj,(2009–2014)
tt9603564,My Name Ijj Lakhan,(2019– )
tt3685866,Aur Pyar Ho Gaya,(2014– )
tt8230598,Ramayan,(2008–2009)
tt2951562,Lakhon Mein Ek,(2012– )
tt0241124,Nukkad,(1986– )
tt9110176,Vikram Betaal Ki Rahasya Gatha,(2018– )
tt9025492,Radha Krishn,(2018– )
tt2801992,Ssshhhh... Koi Hai,(2001–2004)
tt5929728,MTV Girls on Top,(2016– )
tt0816382,Hum Paanch,(1995–2006)
tt8728526,Baby Come Naa,(2018– )
tt7651202,"Kya Haal, Mr. Paanchal?",(2017– )
tt2192156,Na Bole Tum Na Maine Kuch Kaha,(2012– )
tt5680224,Pyaar Tune Kya Kia Season7,(2016– )
tt3430928,Do Dil Bandhe Ek Dori Se,(2013– )
tt7045034,Naamkarann,(2016– )
tt2328418,Arjun: Har Yug Mein Aayega Ek,(2012– )
tt9434592,Titu Talks,(2018– )
tt7972292,Santoshi Maa,(2015–2017)
tt7134830,Itna Karo Na Mujhe Pyaar,(2014–2015)
tt8451332,Dance Plus,(2015– )
tt2504274,Jeannie Aur Juju,(2012– )
tt8466842,Chand Chupa Badal Mein,(2010–2011)
tt7763100,Jaana Na Dil Se Door,(2016–2017)
tt7612938,Shaitaan Haveli,(2018– )
tt8292392,Hum: I'm Because of Us,(2018– )
tt1868745,Kumkum - Ek Pyara Bandhan,(2002–2009)
tt1846278,Raja Ki Ayegi Baraat,(2007–2010)
tt7060662,Chandrakanta,(2017– )
tt6850964,Ramayan,(2012–2013)
tt3550682,Amrit Manthan,(2012–2013)
tt1605277,Kis Desh Mein Hai Meraa Dil,(2008–2010)
tt1943898,Adaalat,(2010– )
tt8806456,Aladdin - Naam Toh Suna Hoga,(2018– )
tt8533130,Qayamat Ki Raat,(2018– )
tt8790150,Baahubali: Before the Beginning,(2019– )
tt5872906,NAVYA: Naye Dhadkan Naye Sawaal,(2011–2012)
tt4662064,Baa Bahoo Aur Baby,(2005–2010)
tt7118596,Iss Pyaar Ko Kya Naam Doon 3,(2017– )
tt8816250,What's Your Status,(2018– )
tt3594220,Rang Rasiya,(2013– )
tt3506278,Tumhari Pakhi,(2013– )
tt9544034,The Family Man,(2019– )
tt5632262,Aahat,(1995–2000)
tt4817756,Dosti... Yaariyan... Manmarziyan,(2015– )
tt1921518,Crime Patrol,(2003– )
tt4455902,Jamai Raja,(2014– )
tt4533740,Sajan Ghar Jana Hai,(2009–2010)
tt6352300,Kavach... Kaali Shaktiyon Se,(2016)
tt9877848,Happu Ki Ultan Paltan,(2019– )
tt0390769,Shrimaan Shrimati,(1994– )
tt0398497,Junior-G,(2001– )
tt9168160,Patiala Babes,(2018– )
tt6814630,Uttaran,(2008–2015)
tt7151452,Boygiri,(2017– )
tt5248728,The Great Indian Laughter Challenge,(2005–2009)
tt7731532,Dil Se Dil Tak,(2017– )
tt1876868,Geet,(2010–2011)
tt2366871,Dill Mill Gayye,(2007–2010)
tt5017396,MTV Roadies,(2003– )
tt7905502,Rakt Sambandh,(2010–2011)
tt5680206,Darr Sabko Lagta Hai,(2015– )
tt7437464,Pyaar Ka Bandhan,(2009–2010)
tt4934664,Bandbudh Aur Budbak,(2015– )
tt3811418,Hatim Tai,(1994–1995)
tt0366104,The Sword of Tipu Sultan,(1990– )
tt8991224,The Good Vibes,(2018– )
tt8531380,Silsila Badalte Rishton Ka,(2018– )
tt3639156,Hum Saath Aath Hai,(2001–2003)
tt7880808,Woh Apna Sa,(2017– )
tt1634528,X-Zone,(1998–2002)
tt6793058,Bhaage re mann,(2015–2016)
tt0401949,Jassi Jaissi Koi Nahin,(2003– )
tt1755864,Sa Re Ga Ma Pa,(1995– )
tt5282604,Sumit Sambhal Lega,(2015– )
tt2360717,Satyamev Jayate,(2012– )
tt3554414,Behenein,(2010– )
tt3667404,Swathi Chinukulu,(2013– )
tt8378420,Zero KMS,(2018)
tt8502324,Engineering Girls,(2018– )
tt3892312,Sapna Babul Ka.... Bidaai,(2007–2010)
tt9193600,Verdict,(2019– )
tt1595198,Mahi Way,(2010– )
tt4458082,Bessmertnik,(2015– )
tt4567010,Perman,(1983–1985)
tt8453182,Rising Star,(2017– )
tt7263828,Ek Hasina Thi,(2014)
tt7454372,Sanjivani: A Medical Boon,(2002–2005)
tt3833436,Jai Mata Ki,(1999–2000)
tt7155018,Pehredaar Piya Ki,(2017)
tt9905578,Home Sweet Office,(2019– )
tt2939026,Madhubala - Ek Ishq Ek Junoon,(2012– )
tt2955596,Baba Aiso Varr Dhoondo,(2010–2012)
tt4570986,Chhota Bheem,(2008– )
tt6030168,Maid in India,(2016– )
tt8779792,Meera,(2009–2010)
tt0401953,Kkusum,(2001– )
tt5838218,Chidiya Ghar,(2011– )
tt7865550,"Prithvi Vallabh: Itihaas Bhi, Rahasya Bhi",(2018– )
tt8512990,Agle Janam Mohe Bitiya Hi Kijo,(2009– )
tt9094282,Hostages,(2019– )
tt4928336,Titliyan,(1989–1990)
tt2259464,Fear Files: Darr Ki Sachchi Tasveerein,(2012– )
tt2258886,Roll No. 21,(2010– )
tt5094380,Tujh Sang Preet Lagai Sajna,(2008–2010)
tt0827758,Miilee,(2005– )
tt5076268,Airlines,(2014–2015)
tt2367813,Pyaar Kii Ye Ek Kahaani,(2010–2011)
tt3430920,Ek Mutthi Aasmaan,(2013– )
tt4659926,Gangaa,(2015– )
tt5578960,Mere Apne,(2007–2008)
tt8457744,Sa Re Ga Ma Pa L'il Champs,(2006– )
tt8532412,Damaged,(2018)
tt4631018,Captain Vyom,(1998–1999)
tt2429838,Kya Huaa Tera Vaada,(2012– )
tt7624596,Shagun,(2001–2004)
tt8427132,Jai Ganga Maiya,(1998)
tt9025502,Karn Sangini,(2018– )
tt8569130,Mariam Khan - Reporting Live,(2018– )
tt4299952,Ek Boond Ishq,(2013– )
tt6093500,Dehleez,(2016– )
tt0155424,Bharat Ek Khoj,(1988– )
tt1985299,Bade Achhe Lagte Hain,(2011– )
tt8056962,Gustakh Dil,(2013–2014)
tt8432526,Sajan Re Phir Jhoot Mat Bolo,(2017– )
tt5991000,Shaadi Boys,(2016– )
tt3430936,Doli Armaano Ki,(2013– )
tt3666564,Aur Pyaar Ho Gaya,(2014– )
tt7762656,Tu Sooraj Main Saanjh Piyaji,(2017– )
tt7236124,Rishton ka chakravyuh,(2017–2018)
tt7147670,Kundali Bhagya,(2017– )
tt1638298,Seven,(2010– )
tt4980540,Kalash-Ek Vishwaas,(2015– )
tt0395908,Wagle Ki Duniya,(1988–1990)
tt2232018,Baat Hamari Pakki hai,(2010–2011)
tt7347676,Tashan-e-Ishq,(2015–2016)
tt4910308,Karishma Kaa Karishma,(2003–2004)
tt7937278,Ek Tha Raja Ek Thi Rani,(2015–2017)
tt7717938,Fourplay,(2018– )
tt2367527,Miley Jab Hum Tum,(2008–2010)
tt8714212,Babbar Ka Tabbar,(2018– )
tt3385976,Ek Nanad Ki Khushiyon Ki Chaabi... Meri Bhabhi,(2013– )
tt8785404,Akoori,(2018– )
tt7960974,TSP's Zeroes,(2018– )
tt7947328,Spotlight 2,(2018)
tt9110172,"Mangalam Dangalam - Kabhi Pyaar, Kabhi Vaar",(2018– )
tt7822166,MasterChef India,(2010– )
tt8448644,Dance Deewane,(2018– )
tt0400977,Astitva Ek Prem Kahani,(2002– )
tt6481008,Dil Boley Oberoi,(2017– )
tt5896814,Tanhaiyan,(2017)
tt2529228,Bring on the Night,(2012– )
tt4526110,Yam Hain Hum,(2014– )
tt2062144,Humse Hai Liife,(2011– )
tt8615734,PA-Gals,(2017–2018)
tt6477736,Adhuri Kahaani Hamari,(2015–2016)
tt5466156,Karma,(2004–2005)
tt1905694,Jyoti,(2009–2011)
tt8188922,Jai Jag Janani Maa Durga,(2012–2013)
tt6505716,EK Vivah Aisa Bhi,(2017– )
tt5102182,Kya Dill Mein Hai,(2007–2008)
tt2640252,Parvarrish: Kuchh Khattee Kuchh Meethi,(2011– )
tt7632824,Rishta Likhenge Hum Naya,(2017– )
tt0390678,Aap Ki Adalat,(1992–2017)
tt8386744,Jai Jai Jai Bajrang Bali,(2011–2015)
tt2191327,Sajan Re Jhoot Mat Bolo,(2009–2012)
tt4499570,Pyaar Tune Kya Kiya,(2014– )
tt8011886,Ruk Jana Nahin,(2011–2012)
tt1445563,Saat Phere... Saloni Ka Safar,(2005–2009)
tt5753664,Nisha Aur Uske Cousins,(2014–2015)
tt8389566,Jhalak Dikhhla Jaa,(2006– )
tt7336640,Tik Tak Tail,(2017– )
tt6403094,Dil Hai Hindustani,(2017– )
tt9466632,Cheers - Friends. Reunion. Goa.,(2018– )
tt0461000,Des Main Nikla Hoga Chand,(2001–2005)
tt6907788,Piyaa Albela,(2017– )
tt8137682,Partners,(2017– )
tt8413440,Juzz Baatt,(2018– )
tt5495778,Krishnadasi,(2016– )
tt1868927,Rehna Hai Teri Palkon Ki Chhaon Mein,(2009– )
tt2039092,Rani,(2011– )
tt5961444,Upanishad Ganga,(2012–2013)
tt6742294,Fear Factor: Khatron Ke Khiladi,(2008– )
tt6455918,Girl in the City,(2016– )
tt0245667,Tenali Rama,(1990– )
tt4622278,Swaragini: Jodein Rishton Ke Sur,(2015– )
tt4143774,MTV Fanaah: An Impossible Love Story,(2014– )
tt7905416,Aisi Deewangi Dekhi Nahi Kahi,(2017– )
tt4472754,The Command Force,(2011–2014)
tt1576767,Na Aana Iss Des Laado,(2009– )
tt7328360,Cyber Squad,(2017– )
tt0486068,Indian Idol,(2004– )
tt5638336,Ajnabi,(1994–1996)
tt5941250,I Don't Watch TV,(2016– )
tt9061098,Weekends,(2018– )
tt2621722,F.I.R.,(2006– )
tt3294506,Bairi Piya,(2009–2010)
tt1500475,Woh Rehne Waali Mehlon Ki,(2005– )
tt4536200,Kairi: Rishta Khatta Meetha,(2012– )
tt7425324,Kabhii Sautan Kabhii Sahelii,(2001–2002)
tt8325314,Home,(2018– )
tt9044932,Mere Sai,(2017– )
tt10071522,Sufiyana Pyaar Mera,(2019– )
tt9040936,LOC - Life Out of Control,(2005)
tt6581364,Koi Laut Ke Aaya Hai,(2017)
tt7658612,Naagarjuna: Ek Yoddha,(2016–2017)
tt0389695,Tu Tu Main Main,(2000– )
tt1685078,Ek Veer Stree Ki Kahaani... Jhansi Ki Rani,(2009–2011)
tt2245255,Phir Bhi Na Maane Badtameez Dil,(2015– )
tt0389681,Shanti,(1994– )
tt8983304,Perfect Pati,(2018– )
tt7974040,Kaliren,(2018– )
tt4505268,Chakravartin Ashoka Samrat,(2015– )
tt6856948,Zindagi ki Mehak,(2016– )
tt6422500,Bar Code,(2018– )
tt7915230,Ek Shringaar-Swabhiman,(2016–2017)
tt5296444,Begusarai,(2015– )
tt0283750,The Jungle Book: The Adventures of Mowgli,(1989–1990)
tt5281434,Ma Shakti,(2002–2003)
tt8464686,Hum Ne Li Hai Shapath,(2012–2013)
tt7658572,Jiji Maa,(2017– )
tt7915114,Udaan,(2014– )
tt3900908,Kaisa Yeh Ishq Hai... Ajab Sa Risk Hai,(2013–2014)
tt1719849,Ladies Special,(2009– )
tt4059976,Everest,(2014–2015)
tt0370114,Circus,(1989–1990)
tt3889862,Sasural Genda Phool,(2010–2012)
tt7598116,Ring Wrong Ring,(2010–2011)
tt3246616,Pradhanmantri,(2013– )
tt5201128,Akkad Bakkad Bambey Bo,(2005– )
tt8518062,India's Best Dramebaaz,(2013–2018)
tt0853973,Om Namah Shivay,(1997– )
tt6920070,Parichay: Nayee Zindagi Kay Sapno Ka,(2011–2013)
tt9055052,Breakfast with Champions,(2017– )
tt9710650,Jhansi Ki Rani,(2019– )
tt7446400,Battle of saragarhi,(2017–2018)
tt7654814,Saara Akaash,(2003–2005)
tt4191352,'The Making Of...',(2014– )
tt2764882,Dil Ki Nazar Se Khoobsurat,(2013– )
tt4549714,Bahubali,(2008–2009)
tt1634526,Hip Hip Hurray,(1999–2000)
tt5546964,Arslaan,(2008–2009)
tt8638584,Trideviyaan,(2016–2017)
tt7200958,Chandra Nandini,(2016– )
tt7401524,Tenali Rama,(2017– )
tt9603482,Dil Toh Happy Hai Ji,(2019– )
tt2399993,Savdhaan India,(2012– )
tt8507480,Gabru: Hip Hop Ke Shehzaade,(2018– )
tt1587102,Yahan Mein Ghar Ghar Kheli,(2009– )
tt3361100,Teri Meri Love Stories,(2012– )
tt7351316,Sangam,(2007–2009)
tt8758320,Hankaar,(2018– )
tt9045818,Palak Pe Jhalak,(2015–2016)
tt3591138,Baal Veer,(2012– )
tt7258180,Aakhir Bahu Bhi Toh Beti Hee Hai,(2013–2014)
tt8784468,Suhani Si Ek Ladki,(2014–2017)
tt9081924,Beechwale - Bapu Dekh Raha Hai,(2018– )
tt10142458,Paradoxical,
tt8264146,Swami Ramdev Ek Sangharsh,(2018– )
tt1692200,Banegi Apni Baat,(1994–1998)
tt8870740,Banned,(2018)
tt10110314,Anahut: Hindi Webseries,(2018– )
tt0432469,Zabaan Sambhal Ke,(1993–1997)
tt8943778,Pritam Pyare Aur Woh,(2014)
tt0389594,Chandrakanta,(1994– )
tt0247896,Tamas,(1988– )
tt9397372,Mastermind,
tt1127012,Nach Baliye,(2005– )
tt8903198,Internet Wala Love,(2018– )
tt7205006,Kuch Toh Hai Tere Mere Darmiyaan,(2015–2016)
tt5991674,#LoveBytes,(2015– )
tt6435136,Sher-E-Punjab: Maharaja Ranjit Singh,(2017)
tt7871724,Peshwa Bajirao,(2017)
tt6969506,MTV Big F,(2015– )
tt5840272,Phir Wahi Talash,(1989–1990)
tt8141442,Dwarkadheesh: Bhagwaan Shree Krishn,(2011–2012)
tt7431022,OMG! Yeh Mera India,(2016–2018)
tt7169576,Aarambh,(2017– )
tt8620634,Thapki Pyar Ki,(2015–2017)
tt5279628,Maharathi Karna,(2002–2003)
tt7670400,Gattu Battu,(2017– )
tt9915686,Khatra Khatra Khatra,(2019– )
tt9261994,Chandragupta Maurya,(2018– )
tt0249296,Kachchi Dhoop,(1987– )
tt9067286,Devlok with Devdutt Pattanaik,(2015– )
tt6755668,Prem Ya Paheli: Chandrakanta,(2017– )
tt5580590,Family No. 1.,(1998–1999)
tt4663534,Fear Files,(2015– )
tt2942416,Punar Vivaah: Zindagi Milegi Dobara,(2012–2013)
tt4886424,Sadda Haq,(2013– )
tt0294230,Yeh Jo Hai Zindagi,(1984– )
tt7218588,Going Viral Pvt. Ltd.,(2017– )
tt3735944,Ekk Nayi Pehchaan,(2013– )
tt3038662,Choodiyan,(1995–1996)
tt2943764,Pati Patni Aur Woh,(2009– )
tt7762878,Love Ka Hai Intezaar,(2017)
tt9096108,Rasbhari,
tt1592294,Mitwa - Phool Kamal Ke,(2009–2010)
tt1888332,Saathii Re,(2007–2008)
tt8616144,Comedy Nights Bachao Taaza,(2016–2017)
tt8752040,Kaun Hai?,(2018– )
tt1876940,Krishna Arjun,(1998–2003)
tt2630718,Everything's Rosie,(2010– )
tt7151738,Brahmarakshas: Jaag Utha Shaitaan,(2016–2017)
tt5938958,Crime Patrol Dial 100,(2015– )
tt6260466,The 'Other' Love Story,(2016– )
tt7517690,Pavitra Bandhan: Do Dilon Ka,(2013–2016)
tt6571704,Barber Shop,(2017– )
tt3002496,Rab Se Sohna Isshq,(2012–2013)
tt10047740,Super Laundeys,(2019– )
tt0495254,Malini Iyer,(2004– )
tt2422938,Comedy Circus Ka Naya Daur,(2012– )
tt4964564,Ishq Ka Rang Safed,(2015– )
tt2556074,Sea Hawks,(1997–1998)
tt3608492,Gharwali Uparwali Aur Sunny,(2003–2004)
tt3568970,Ishq Kills,(2014– )
tt2800146,Shaurya Aur Suhani,(2009– )
tt7762498,Dil Sambhal Jaa Zara,(2017– )
tt7690392,Porus,(2017– )
tt4910098,Agadam Bagdam Tigdam,(2007–2008)
tt10006504,Ek Bhram - Sarvagun Sampanna,(2019– )
tt0390772,Space City Sigma,(1989– )
tt0833575,Tara,(1993–1997)
tt1692203,Just Mohabbat,(1996– )
tt3213338,MTV Webbed,(2013– )
tt3890300,Ghar Ek Mandir,(2000–2002)
tt7478474,Pyaar Ko Ho Jaane Do,(2015–2016)
tt7998226,Ghulaam,(2017)
tt7651298,Haasil,(2017– )
tt5492186,Saarrthi,(2004–2008)
tt2943388,Hitler Didi,(2011– )
tt8852102,Shake it Up,(2013)
tt9094442,City of Dreams,(2019– )
tt7213522,Kohi Apna Sa,(2001–2003)
tt9061832,Sabki Laadli Bebo,(2009–2011)
tt5657744,Amravati Ki Kathayein,(1994–1995)
tt5537604,Not Fit,(2015– )
tt7396230,Woh,(1997–1998)
tt3437690,Main Naa Bhoolungi,(2013– )
tt0456800,Suraag: The Clue,(1999– )
tt7106096,You Have Been Warned,(2017– )
tt9389766,26th January,(2018–2019)
tt8123758,Shraddha,(2009–2010)
tt7422690,Crime Files,
tt7871858,Chhal - Sheh Aur Maat,(2012)
tt7993420,Bhootu,(2017– )
tt8971810,Hear Me. Love Me.,(2018– )
tt7651284,Ek Deewaana Tha,(2017– )
tt6421022,Itihaas,(1996–1997)
tt7843350,Radhaa Ki Betiyaan Kuch Kar Dikhayengi,(2008–2009)
tt10016348,Virgin woman diaries,(2017– )
tt6420682,Yes Boss,(1999– )
tt8754702,"Mere Papa, Hero Hiralal",(2018)
tt6921490,Maharakshak Devi,(2015)
tt8431806,Krishna Chali London,(2018– )
tt6031660,Chinese Bhasad,(2016– )
tt7913564,The Remix,(2018– )
tt8571888,Rishtey,(1999–2001)
tt7981084,Ek Ladki Anjaani Si,(2005–2007)
tt1715300,Maayka,(2007– )
tt4197638,India's Got Talent,(2009– )
tt7781460,Agniphera,(2017– )
tt3294528,Khelti Hai Zindagi Aankh Micholi,(2013– )
tt9034966,Dastaan-E-Mohabbat: Salim Anarkali,(2018– )
tt8799342,Shut Up Ya Kunal,(2017– )
tt8092674,Sunaina,(2008)
tt8028058,Satrangi Sasural,(2014–2016)
tt8925220,Main Teri Parchhain Hoon,(2008–2009)
tt2383438,The Buddy Project,(2012– )
tt2791276,Chhanchhan,(2013– )
tt4742490,Ek Nayi Ummeed: Roshni,(2015– )
tt3500954,Kehta Hai Dil Jee Le Zara,(2013– )
tt8513096,Aye Zindagi,(I) (2017– )
tt2943834,Bandini,(2009–2011)
tt2570866,Diya Aur Baati Hum,(2011–2017)
tt4165798,Humsafars,(2014– )
tt7266094,Chandrashekhar,(2018)
tt8388138,Sankat Mochan Hanumaan,(2012–2013)
tt0275863,Rendevouz with Simi Garewal,(1997– )
tt8269480,Khan Sisters,(2012–2013)
tt4088150,MahaKumbh,(2014–2015)
tt2552918,Saas Bahu Aur Saazish,(2010– )
tt9615258,Bharat Ki Baat,(2019– )
tt4818586,Tu Mera Hero,(2014– )
tt9002164,BB Ki Vines,(2015– )
tt5753634,Meri Awaaz Hi Pehchaan Hai,(2016– )
tt8959156,Chai sutta chronicles,(2013– )
tt8747458,Mere Angne Mein,(2015–2017)
tt7414430,Banoo Main Teri Dulhann,(2006–2009)
tt6757816,Kya Qusoor Hai Amala Ka?,(2017– )
tt3822486,Farmaan,(1994–1995)
tt8690504,Yeh Vaada Raha,(2015–2017)
tt8888664,Papa by Chance,(2018– )
tt9615168,McDowell's No 1 Soda No 1 Yaari Jam,(2018–2019)
tt1491935,K. Street Pali Hill,(2004–2006)
tt2601566,The Serial,(2012– )
tt3476434,Bani: Ishq Da Kalma,(2013– )
tt4746820,MTV Splitsvilla,(2008– )
tt8983326,Main Maike Chali Jaungi Tum Dekhte Rahiyo,(2018– )
tt1934806,Sasural Simar Ka,(2011–2018)
tt7886656,Tere Sheher Mein,(2015)
tt1661629,Perman,(1967–1968)
tt10152680,Enigma,(II) (2019– )
tt3832054,Junoon,(1994–1998)
tt2263510,Remix,(2004– )
tt7464068,India Calling,(2005–2006)
tt0390685,Betaal Pachisi,(1997–1998)
tt7037318,Office vs. Office,(2017– )
tt9244564,Yeh Pyar Na Hoga Kam,(2009–2010)
tt1486321,Kesar,(2004–2007)
tt5826610,Kashish,(1993– )
tt8339400,Selfie with Bajrangi,(2018– )
tt6953924,Raja Rasoi Aur Anya Kahaniyan,(2014)
tt8787548,Parvarrish - Season 2,(2015–2016)
tt5465430,Cambala Investigation Agency,(2008–2010)
tt8765742,Doli Saja Ke,(2007–2009)
tt2360755,Suvreen Guggal - Topper of the year,(2012– )
tt5583090,Baat Ban Jaaye,(1998–1999)
tt1868744,Kuchh Jhuki Palkein,(2002–2003)
tt0389648,Karamchand,(1985–1988)
tt2315316,Ek Chabi Hai Pados Mein,(2006–2008)
tt5301660,Intezaar,(1989–1991)
tt2424558,Love Marriage Ya Arranged Marriage,(2012– )
tt8192856,Family Time with Kapil Sharma,(2018– )
tt6193550,Beyhadh,(2016– )
tt8435290,Mahima Shani Dev Ki,(2008–2009)
tt2812214,Aahat,(1996–2015)
tt3433534,Dharampatni,(2011–2012)
tt9174276,What the Duck Season 2,(2017)
tt0401952,Kkoi Dil Mein Hai,(2003– )
tt7295314,Air Hostess,(2007–2010)
tt6927446,"Arjun, Prince of Bali",(2014–2017)
tt9637414,Rajaa Betaa,(2019– )
tt4806056,Service Wali Bahu,(2015– )
tt0245666,Stone Boy,(1991– )
tt8470868,Jio Dhan Dhana Dhan,(2018– )
tt2624794,Amita Ka Amit,(2013– )
tt2422936,Kahani Comedy Circus Ki,(2012– )
tt5061356,Gilli Gilli Gappa,(2010–2011)
tt7942094,Kundali,(2000–2001)
tt5700398,Siya Ke Ram,(2015– )
tt9258292,Aangan,(2018– )
tt9553284,Ek Thi Rani Ek Tha Ravan,(2019– )
tt7762954,Meri Durga,(2017– )
tt7398916,YEH HAI INDIA MERI JAAN,(2013)
tt8781432,India's Next Superstars,(2018)
tt5939290,Aadhe Adhoore,(2015– )
tt9454892,Marry Me Stranger,
tt7917574,Comedy Nights Live,(2016)
tt5619208,Thief of Baghdad,(2005–2006)
tt4815190,Fear Files: Har Mod Pe Darr,(2015– )
tt7454420,Virrudh: Har Rishta Ek Kurukshetra,(2007–2008)
tt7678864,"The Voice, India",(2015–2016)
tt4362346,Private Investigator,(2014– )
tt5868064,Neem Ka Ped,(1991–1994)
tt2042294,Special Squad,(2005–2006)
tt3818886,Chamatkar,(1988–1989)
tt7972346,Dilli Wali Thakur Gurls,(2015)
tt5537602,Kashmakash Zindagi Ki,(2006– )
tt4553524,Laut Aao Trisha,(2015– )
tt7463716,Bayttaab Dil Kee Tamanna Hai,(2009–2010)
tt2569310,Aye Dil-e-Nadan,(2009– )
tt7416084,Kahi to Milenge,(2002–2003)
tt7547602,Ek Aastha Aisi Bhee,(2017)
tt5547994,Hare Kanch Ki Chudiya,(2002–2003)
tt3831768,Kehta Hain Dil,(2002–2005)
tt8057476,Laado 2: Veerpur Ki Mardani,(2017– )
tt3257668,Punar Vivah: Ek Nayi Umeed,(2013– )
tt2422932,Comedy Circus,(2012– )
tt9265944,Vish Ya Amrit - Sitara,(2018– )
tt9597734,Gathbandhan,(2019– )
tt6437190,Bin Kuch Kahe,(2017– )
tt7151780,Dhhai Kilo Prem,(2017– )
tt6918112,Adrishya,(2014– )
tt5616570,Aarohan,(1996–1997)
tt2557496,Doosra Keval,(1989–1990)
tt2878784,Emotional Atyachar,(2010– )
tt7827468,Siddhi Vinayak,(2017– )
tt7690340,Ishq Mein Marjawan,(2017– )
tt6531930,Yeh Kahan Aa Gaye Hum,(2015–2016)
tt8710442,Kalash,(2001–2003)
tt8024640,Saat Pheron Ki Hera Pherie,(2018– )
tt8832194,Ek Rishta Saajhedari Ka,(2016–2017)
tt4964452,The Adventures of Tenali Raman,(2003– )
tt7490272,Shrimati Swara Raje Deshmukh Sarvggun Sampanna,(2010)
tt5559614,Kya Hadsaa Kya Haqeeqat,(2002–2004)
tt9425976,Jammin,(2018)
tt8006194,PM Selfiewallie,(2018– )
tt0853071,Kya Hoga Nimmo Ka,(2006– )
tt9866784,Guru Aur Bhole,(2017– )
tt9855966,Salute Siachen,(2017– )
tt8336502,Har Shaakh Pe Ullu Baithaa Hai,(2018– )
tt8273430,Khwaabon Ke Darmiyaan,(2017)
tt3837208,Yug,(1996–1998)
tt7448208,Kanyadaan,(1999–2000)
tt7208692,Yeh Dil Sun Raha Hai,(2014–2015)
tt1491938,Kaahin Kissii Roz,(2001–2004)
tt5266398,MTV Warrior High,(2015– )
tt8649832,Laal ishq,(2018– )
tt3820982,Alvida Darling,(2000– )
tt1971139,Sanjog Se Bani Sangini,(2010–2011)
tt0229911,Mungerilal Ke Haseen Sapne,(1990– )
tt9574944,Cheekh... Ek khauffnaak sach,(2017–2018)
tt0259819,The Zee Horror Show,(1993–1997)
tt8769776,India's Best Cinestars Ki Khoj,(2004–2014)
tt8024610,Tum Aise Hi Rehna,(2015)
tt8377874,Neeli Chatri Waale,(2014–2016)
tt8174112,Kota Toppers,(2015–2016)
tt6627624,Waaris,(2016– )
tt8171788,Silsila Pyaar Ka,(2016)
tt6227092,Devanshi,(2016– )
tt9540218,Townhall,(2018– )
tt9552752,Kanpur Waale Khuranas,(2018– )
tt0389573,Antakshari,(1993– )
tt5029156,Kyun Hota Hai Pyarrr,(2002–2003)
tt8903270,Shree,(2008–2009)
tt7239892,Kuchh Is Tara,(2007–2008)
tt0853074,"Pyaar Ke Do Naam: Ek Radha, Ek Shyaam",(2006– )
tt2992482,Adventures in Odyssey,(I) (1991– )
tt7998150,Har Mard Ka Dard,(2017)
tt6618794,Gangster Newton,(2017– )
tt7781408,Aadat Se Majboor,(2017– )
tt1920431,Sammaan Ek Adhikaar,(2009– )
tt8560810,Tamanna,(2016)
tt8268766,Desi Prem Kahani,(2018)
tt0405543,Detective Karan,(2003– )
tt0989775,Jeena Isi Ka Naam Hai,(2002–2007)
tt1846147,Kareena Kareena,(2004–2005)
tt0398494,Jasoos Vijay,(2003– )
tt4499902,India's Frontier Railways,(2015– )
tt2557484,Dil Dariya,(1988–1989)
tt7416050,Thodi Si Zameen Thoda Sa Aasmaan,(2007)
tt0366041,Karishma: A Miracle of Destiny,(2003– )
tt0798761,Piya Ka Ghar,(2003– )
tt7993406,Saam Daam Dand Bhed,(2017– )
tt7745218,Phulwa,(2011–2012)
tt10042186,Booo: Sabki Phategi,(2019– )
tt7781526,Ayushman Bhava,(2017)
tt2592792,Hongey Judaa Na Hum,(2012– )
tt8395824,Mayavi Maling,(I) (2018– )
tt0268085,Shri Krishna,(1989– )
tt7937244,Bhaag Bakool Bhaag,(2017)
tt0389674,Rangoli,(1989– )
tt1463147,Iss Jungle Se Mujhe Bachao,(2009– )
tt1674348,C.A.T.S,(2001–2003)
tt1821281,Vaidehi,(2006– )
tt0390731,Jeevan Rekha,(1988– )
tt4536308,Ek Rishta Aisa Bhi,(2014–2015)
tt6673402,Alpviram,(1998)
tt7993422,Jeet Gayi Toh Piya Morey,(2017– )
tt3433410,12/24 Karol Bagh,(2009–2010)
tt3396384,Jamunia,(2010–2011)
tt7972044,Jeet,(2003–2004)
tt2459170,Kirdaar,(1993–1995)
tt6895862,Badalte rishton ki dastaan,(2013)
tt8832228,Dil Dhoondta Hai,(2017–2018)
tt2805112,Tere Mere Sapne,(2009–2011)
tt0405563,Kuntee,(2003– )
tt8648766,Zindagi Ki Crossroads,(2018– )
tt8757360,Dream Girl,(2015–2016)
tt7963680,Kituu Sabb Jaantii Hai,(2005–2006)
tt3720284,Mr Ya Mrs,(1987–1988)
tt1507145,Kaajjal - Sabbki Aankhon Mein Basi,(2006–2007)
tt4914704,Hum Pardesi Ho Gaye,(2001–2002)
tt8222154,Ek Ghar Banaunga,(2013–2014)
tt5982274,Bade Bhaiyya Ki Dulhania,(2016– )
tt4296656,Ajeeb Daastaan Hai Ye,(2014– )
tt8002066,Meethi Choori No 1,(2010)
tt0155454,Yatra,(1986– )
tt1138700,Chhoona Hai Aasmaan,(2007– )
tt6609536,Daddy Samjha Karo,(1999–2000)
tt9875412,Aye Zindagi,(II) (2017)
tt7614442,The Talwars: Behind Closed Doors,(2017)
tt8212468,Lovely Da Dhaba,(2019– )
tt5613768,Kamini Damini,(2004–2005)
tt5605322,Sun Yaar Try Maar,(2015– )
tt7414356,Kahe Naa Kahe,(2007–2008)
tt7748070,Kashi: Ab Na Rahe Tera Kagaz Kora,(2010)
tt2563224,Saas Bahu Aur Betiyaan,(2011– )
tt10139762,Zeher-E-Ishq,(2019– )
tt2556046,Ghar Jamai,(1997–1998)
tt2649730,Motu Patlu,(2012– )
tt6711576,Kuldeepak,(2017– )
tt2265014,Rishton Se Badi Pratha,(2010–2011)
tt7762818,Maryada: Lekin Kab Tak?,(2010–2012)
tt6361264,Bindass Beg Borrow Steal,(2002– )
tt5638518,Raja aur Rancho,(1996–1997)
tt3120918,Comedy Circus Ke Mahabali,(2013– )
tt2272601,Saas Bina Sasural,(2010– )
tt7873544,Ikyawann,(2017– )
tt8809536,Mrs. Kaushik Ki Paanch Bahuein,(2011–2013)
tt8387790,Uff! Yeh Nadaniyaan,(2014–2015)
tt4658130,Hum Hain Na,(2014– )
tt0395851,Chunauti,(1987– )
tt9850322,Married Woman Diaries,(2016)
tt7876978,Jai Kanhaiya Lal Ki,(2018– )
tt2795292,Fame Gurukul,(2005– )
tt3901116,Do Hanson Ka Jodaa,(2010–2011)
tt8678054,Ishq Subhan Allah,(2018– )
tt8142124,Shrimaan Shrimati Phir Se,(2018– )
tt4248630,Pukaar,(2014– )
tt2758546,Jeevan Saathi: Humsafar Zindagi Ke,(2008–2009)
tt2519102,Gubbare,(1999–2000)
tt9351516,Nisha Ji Ke Nuskhe,(2017–2018)
tt2603446,Main Lakshmi Tere Angaan Ki,(2011–2012)
tt8377474,Bakula Bua Ka Bhoot,(2017)
tt9271162,Ikigai,(2019– )
tt7236796,Viraasat,(2006–2007)
tt3972566,Abhay Charan,(1996)
tt3294496,Sapne Suhane Ladakpan Ke,(2012– )
tt0397214,Vishnu Puran,(2000– )
tt5508864,"Life, Lafde Aur Bandhiyan",(2016– )
tt9297484,Daayan,(2018– )
tt5581434,Kora Kagaz,(1998–1999)
tt8816290,Super Sisters - Chalega Pyar Ka Jaadu,(2018– )
tt1493357,Dekho Magar Pyaar Se,(2004– )
tt10044800,Coldd Lassi aur Chicken Masala,(2019– )
tt1889557,Betiyaan Apni ya Paraya Dhan,(2007–2008)
tt6676084,Kabhi Yeh Kabhi Woh,(1994–1995)
tt0155433,Katha Sagar,(1986– )
tt9679946,The Great Escape,(2016)
tt4515326,Uff Yeh Nadaniyaan,(2013– )
tt7976646,Tere Bin,(2016)
tt3891528,Love by Chance,(2014– )
tt8306818,Chhajje Chhajje Ka Pyaar,(2011)
tt6847292,Siyaasat,(2014– )
tt8694408,Screwed Up,(2018– )
tt0389650,Khandaan,(1985– )
tt10016352,Shaurya,(2017– )
tt6929192,Bh se bhade,(2013– )
tt5063008,Aa Bail Muje Maar,(1987–1988)
tt3729248,Aasman Se Aage,(2012– )
tt2816764,Ganga Kii Dheej,(2010– )
tt6352990,Kaali: Ek Punar Avatar,(2012–2013)
tt7976930,Dil Kya Chahtha Hai,(2005)
tt2556058,Saaya,(1998–1999)
tt10162384,Fuh se Fantacy,
tt6615570,Dariba Diaries,(2014–2015)
tt7763024,Humko Tumse Ho Gaya Hai Pyaar Kya Karein,(2016)
tt8302576,Ghar Aaja Pardeshi,(2013)
tt4625706,Shaktimaan Animated,(2011–2013)
tt6389552,IRT: India's Deadliest Roads,(2016– )
tt0467730,Happy Go Lucky,(2005– )
tt1442411,Dus Ka Dum,(2008– )
tt7651378,Rishton Ka Saudagar: Baazigar,(2016)
tt6352622,Kartika,(2008–2009)
tt1848141,Kismat,(2011– )
tt7654506,The Drama Company,(2017– )
tt1641665,Dance India Dance: Li'l Masters,(2010– )
tt7275304,Bhanwar,(2015)
tt8805994,Shastri Sisters,(2014–2015)
tt8437668,Karmaphal Daata Shani,(2016–2018)
tt9760958,Baavle Utaavle,(2019– )
tt3644222,Bhoot Aaya,(2013– )
tt8860136,Mata Ki Chowki,(2008–2011)
tt6842542,Dance USA Dance,(2017– )
tt8391842,Kayaamat,(2003–2004)
tt8529644,Simple Samosa,(2018– )
tt0158399,Bahadur Shah Zafar,(1986– )
tt3553406,Kahaani Hamaaray Mahaabhaarat Ki,(2008– )
tt6371992,Ek Do Teen Char,(1987–1988)
tt8586836,Gharwali Uparwali,(2000–2003)
tt5580482,Hudd Kar Di,(1998–1999)
tt7901490,"TV, Biwi aur Main",(2017)
tt4629104,Jasuben Jayantilaal Joshi Ki Joint Family,(2008–2009)
tt9039530,"Raja, Rasoi Aur Andaaz Anokha",(2017–2018)
tt0236916,Noopur,(1990– )
tt9856130,Table no. 5,(2018– )
tt9673848,Boyz,(2015)
tt7295256,Miss India,(2004–2006)
tt5760772,Mann mein vishwaas hai,(2016– )
tt8798248,Gutur Gu,(2010–2014)
tt6900278,Reporters,(2015)
tt3811460,Mujrim Haazir,(1988–1989)
tt1910194,Papad Pol - Shahabuddin Rathod Ki Rangeen Duniya,(2010– )
tt5929706,Albeli... Kahani Pyar Ki,(2015– )
tt7905470,Badii Devrani,(2013–2015)
tt2157903,Ring Ka King,(2012– )
tt7275814,Yeh Moh Moh ke Dhaage,(2017)
tt2169263,Mohalla Mohabbat Wala,(2006–2007)
tt7263748,Lipstick,(2002–2004)
tt7209352,Sinndoor Tere Naam Ka,(2005–2007)
tt3833346,Gul Gulshan Gulfam,(1987–1988)
tt5272790,On Air with AIB,(2015– )
tt5638364,Achanak 37 Saal Baad,(2002–2003)
tt7933978,Meri Saasu Maa,(2016)
tt9140074,Mere Rang Mein Rangne Waali,(2014–2015)
tt0154081,Param Veer Chakra,(1988– )
tt3784670,Mera Naam Karegi Roshan,(2010–2011)
tt8002224,Chand Ke Paar Chalo,(2008–2009)
tt6509636,Ancient Healing,(2016– )
tt8855884,Lucky,(2006–2008)
tt4194640,Itti Si Khushi,(2014– )
tt5844326,Nyay,(1999–2001)
tt2579880,Kambakht Ishq,(2002–2003)
tt0390729,Indradhanush,(1989– )
tt8819286,Tum Dena Sath Mera,(2011–2012)
tt2169549,Seeta aur Geeta,(2009– )
tt1471319,The Great Indian Comedy Show,(2004–2007)
tt0389595,Chitrahaar,(1982– )
tt1601047,Jaane Pehchaane Se Yeh Ajnabi,(2009– )
tt7993396,Nimki Mukhiya,(2017– )
tt3257678,Afsar Bitiya,(2011–2012)
tt6380636,Isi Bahane,(1988–1989)
tt8075996,Khauff Begins... Ringa Ringa Roses,(2013–2014)
tt9160094,Hamari Sister Didi,(2014–2015)
tt6081966,X Factor India,(2011– )
tt8325250,The Family,(2018– )
tt5850456,Haunted Nights,(2012– )
tt2603460,Paying Guest,(1985–1986)
tt10042222,Virgin Bhaskar,(2019– )
tt9125820,Sawaare Sabke Sapne... Preeto,(2011–2012)
tt5299740,Imtihaan,(1994–1995)
tt9910028,Sacch Ka Saamna,(2009–2012)
tt5929848,Mahisagar,(2013– )
tt2608522,Apradhi Kaun!,(1981–1982)
tt2767796,Anamika,(2012– )
tt7514418,Aathvaan Vachan,(2008– )
tt0827537,Andaz,(1995–1997)
tt5269368,Dard,(1989–1990)
tt7293204,Star Verdict,(2013–2014)
tt7938046,Yeh Meri Life Hai,(2004–2005)
tt3844954,Waqt Ki Raftar,(1999–2000)
tt1700302,Bhaskar Bharti,(2009– )
tt3240324,Hasratein,(1996–1999)
tt6631436,Jhappi Jet,(2017– )
tt8602890,Chandramukhi Tv Serial,(2007–2008)
tt5623002,Sahib Biwi Aur Boss,(2015– )
tt0390775,Subah,(1987– )
tt0401050,Phir Bhi Dil Hai Hindustani,(2002– )
tt0398515,Meher,(2003– )
tt0389688,Surabhi,(1993– )
tt4624142,Code Red,(I) (2015– )
tt2603458,Bombay Meri Hai,(1984–1985)
tt9501696,Bhai Bole Toh Sahi,(2018– )
tt9170544,Jhilmil Sitaaron Ka Aangan Hoga,(2012–2013)
tt7781310,Agnipareeksha Jeevan Ki: Gangaa,(2010)
tt7871538,Piya Basanti Re,(2014)
tt9772734,Pammi Aunty,(2017–2019)
tt2452148,Star Bestsellers: Fursat Mein,(1999–2000)
tt0401914,Boogie Woogie,(1997– )
tt5580488,Captain House,(1998–1999)
tt3405952,Mrs. Pammi Pyarelal,(2013– )
tt8819118,Yeh Ishq Haaye,(2010–2011)
tt8866814,Stags,(2018– )
tt4658008,Dil Ki Baatein Dil Hi Jaane,(2015– )
tt8448628,18+ Jobseekers,(2017– )
tt2452474,Bhanwar,(1998–1999)
tt0401924,Devi,(2002–2004)
tt8227660,The Voice Kids,(II) (2016– )
tt5170142,Ek Se Badhkar Ek,(1995– )
tt1821021,Maati Ki Banno,(2010– )
tt6144912,Sanya,(2008–2009)
tt6888294,SIT Presents Men... The Real Victims,(2015– )
tt7976524,Tumhari Disha,(2004–2006)
tt8754536,Shaadi Jasoos,(2018)
tt6777604,Dada Dadi Ki Kahaniyan,(1986–1987)
tt1882559,Galli Galli Sim Sim,(2006– )
tt2499778,Haqeeqat,(2001–2002)
tt6832518,Chacha Bhatija,(2016– )
tt5029142,Nafrat Aur Chahat,(1996–1997)
tt7551228,Gori Tera Gaon Bada Pyara,(2015–2016)
tt2593134,Maniben.com,(2009–2010)
tt7095284,Tum Bin Jaaoon Kahaan,(2003–2004)
tt0307860,Zameen Aasmaan,(1995– )
tt5242302,Golmaal Hai Bhai Sab Golmaal Hai,(2012– )
tt0390680,Air Hostess,(1986– )
tt5547088,Kasshish,(2005–2006)
tt8765774,Meri Awaz Ko Mil Gayi Roshni,(2007–2008)
tt5286172,Eena Meena Deeka,(2000–2001)
tt6917630,Kahi suni,(2015– )
tt3323640,Hello Friends,(1999–2000)
tt0307721,Badalte Rishte,(1996– )
tt7275272,Code Red,(II) (2015)
tt1454765,Ghar Ki Lakshmi Betiyann,(2006– )
tt9521964,Kesari Nandan,(2019– )
tt8002016,Piya Rangrezz,(2015–2016)
tt7598598,Kaal Bhairav Rahasya,(2017– )
tt5850172,Kshitij Ye Nahi,(1992–1993)
tt0453335,Rishte-Naate,(1980– )
tt1868674,Jiya Jale,(2007– )
tt1863531,Bhagonwali - Baante Apni Taqdeer,(2010–2012)
tt0405511,Aankhein,(2003– )
tt3784674,Shobha Somnath Ki,(2011–2012)
tt0249303,Mrignayanee,(1991– )
tt3825014,Milan,(2000–2001)
tt7998102,Belan Wali Bahu,(2018– )
tt7667168,Half Marriage,(2017– )
tt8737584,Namune,(2018– )
tt0307763,Kabhie Kabhie,(1997– )
tt8861374,Kesariya Balam Aavo Hamare Des,(2009–2011)
tt2008343,Star One Horror Nights - Haunted Hospital,(2010– )
tt2345050,Pyaar Ki Kashti Mein,(2004–2005)
tt1661476,Babul Ka Aangann Chootey Na,(2008–2009)
tt4891192,Zindagi Khatti Meethi,(2015– )
tt7416106,Koshish... Ek Aashaa,(2000–2002)
tt5850004,Ye Duniya Gazab Ki,(1992–1993)
tt8222318,Kadvee Khattee Meethi,(2006–2007)
tt2557464,Yeh Kahan Aa Gaye Hum,(1996)
tt5173122,Ekaant,(2014– )
tt3818922,Shrikant,(1987)
tt6118704,Pal Pal Dil Ke Paas,(2011–2012)
tt1744865,Mrs. & Mr. Sharma Allahabadwale,(2010– )
tt8351298,Detective Didi,(2017–2018)
tt9878290,Ghost Bana Dost,(2006–2007)
tt6049158,Raag Darbari,(1986–1987)
tt6805362,Love U Zindagi,(2011)
tt5029022,Kashmeer,(2003–2004)
tt0240277,Lifeline,(1991– )
tt8859928,Sanskaar Laxmi,(2011)
tt7509964,Shakti: Astitva Ke Ehsaas Ki,(2016– )
tt10050716,Jai Kali Kalkattawali,(2017– )
tt5285652,Badla,(1993–1994)
tt6574486,Dillagi,(1993–1994)
tt0401922,Crime Patrol,(2004– )
tt6339948,Kya Baat Hai,(1997–1998)
tt7967276,Sambhav Asambhav,(2003)
tt6352640,Pardes Mein Mila Koi Apna,(2011)
tt10010920,Bhagyalaxmi,(2015–2016)
tt8851658,Ram Milaayi Jodi,(2010–2012)
tt1323986,Hamari Betiyoon Ka Vivaah,(2008– )
tt5253116,Lajwanti,(2015–2016)
tt5583112,Pal Chin,(1998–1999)
tt6357206,Mohe Rang De,(2008–2009)
tt7027548,Say Na Something to Anupam Uncle,(2000–2002)
tt1889554,Bandhan Saat Janmon Ka,(2008–2009)
tt3308684,Firangi bahu,(2013– )
tt8861552,Ruby Duby Hub Dub,(2004–2005)
tt2089171,Just Dance,(2011– )
tt5616654,Daraar,(1994–1995)
tt9448676,ARRived,(2018– )
tt0088991,Darpan,(1985– )
tt9915822,Ichhapyaari Naagin,(2016–2017)
tt8765598,Hamari Devrani,(2008–2012)
tt8042926,Savitri,(2013)
tt0482656,Do Lafzon Ki Kahani,(2001– )
tt8189428,Dhoondh Legi Manzil Humein,(2010–2011)
tt9249118,Kitni Mast Hai Zindagi,(2004–2005)
tt2104582,Pulsar MTV Stunt Mania Underground,(2009– )
tt5969492,My Restaurant in India,(2016– )
tt9230938,Indipedia,(2017)
tt10045026,Fcu-Ok,(2019– )
tt4525628,Savdhaan India: India Fight Back,(2015– )
tt8242412,ViR: The Robot Boy,(2013– )
tt5583094,Nagin,(1998– )
tt6114466,Life Nahi Hai Ladoo,(2001)
tt2567668,Rishtey - Kashish,(2000– )
tt1889544,Ardhangini - Ek Khoobsurat Jeevansathi,(2008–2009)
tt0244366,Talaash,(1992– )
tt2473724,Humrahi,(1994–1995)
tt0928087,Amma and Family,(1995–1996)
tt0249307,Naqab,(1988– )
tt3721942,Bollywood Dreams,(2014– )
tt2556040,Kurukshetra,(1995–1996)
tt2459620,Bible Ki Kahaniyan,(1993–1995)
tt1866628,Parivaar,(2008–2009)
tt8639364,Ved Vyas Ke Pote,(1997)
tt7943624,Resham Dankh,(2006)
tt3917240,Makan Aka Home a Heaven,(2006– )
tt5269346,Akbar the Great,(1988–1989)
tt3433594,Desh Ki Beti Nandini,(2013– )
tt3002510,Aaj Ki Housewife Hai... Sab Jaanti Hai,(2012– )
tt6477716,O Gujariya: Badlein Chal Duniya,(2014)
tt3661984,Sanskar Dharohar Apno Ki,(2013– )
tt8925794,Shankar Jaikishan 3 in 1,(2017)
tt7630160,MTV Dropout Pvt Ltd,(2017– )
tt5285694,Fasana,(1996–1997)
tt3720254,Family Business,(II) (2004–2005)
tt4910408,Hotel Kingston,(2006–2007)
tt8396810,Khushfehmiyaan,(2019– )
tt9302040,Mr India Superhero,(2018– )
tt6170818,Hasna Mat,(2001)
tt2822302,Raghukul Reet Sada Chali Aayi,(2008–2010)
tt8011660,Love Dosti Dua,(2013–2014)
tt1345126,Kabhi Kabhii Pyaar Kabhi Kabhii Yaar,(2008– )
tt3825030,Hindustani,(1997–1998)
tt8273526,Bal Gopal Kare Dhamaal,(2014–2015)
tt5281446,Uppanyas,(1988–1993)
tt9264678,Love Handles,(2018)
tt3323654,Tujh Pe Dil Qurban,(1995–1996)
tt0836073,Dollar Bahu,(2001–2004)
tt8779728,Darr Ke Uss Paar,(2018)
tt5656056,Parampara,(1993–1994)
tt0491734,Kalchakra,(2004– )
tt9081546,Andha Dhoond Kanoon,(2018– )
tt5187564,Aisa Prem Kahan,(2014–2015)
tt8142494,Saath Saath Banayenge Ek Aashiyaan,(2008)
tt2452414,AnuGoonj,(1993–1994)
tt9127232,The Anupam Kher Show,(2014–2015)
tt10055920,Shortcuts,(2019)
tt1889878,Kabhi Aaye Naa Judaai,(2003–2005)
tt9543708,Ghostana,(2017)
tt8898638,Anhoniyon Ka Andhera,(2011)
tt2367101,Golden Era with Annu Kpoor,(2011– )
tt3418990,Phir Subah Hogi,(2012–2013)
tt8836416,Parwaaz,(2014–2015)
tt2519112,Jaane Kahan Mera Jigar Gaya Ji,(1997–1998)
tt1905953,Raajkumar Aaryyan,(2008–2009)
tt6603098,Inkaar,(1992–1993)
tt8263318,Baal Krishna,(2016–2017)
tt3822500,Aashirwad,(1998–1999)
tt8633432,Muskaan,(2018– )
tt6812456,Kasam Teri Pyaar Ki,(2016– )
tt7387596,Jaane kya baat hui,(2008–2009)
tt10045490,Medical,(2019– )
tt9169810,Aise Karo Naa Vidaa,(2010)
tt5578934,Maharana Pratap,(1997–1998)
tt6352336,Jo Biwi Se Kare Pyaar,(2013)
tt7414438,Reth,(2004–2006)
tt1868757,Lavanya,(2003–2004)
tt9067138,Amber Dhara,(2007–2008)
tt3904154,Unbounded Love Aka Ishq Ki Inteha,(2009–2010)
tt8439244,Jo Ishq Ki Marzi Woh Rab Ki Marzi,(2009)
tt5025816,Tanha,(1997–1999)
tt8112392,Vaibhav Chauhan,(2015)
tt8502880,Sinhasan Battisi,(2014–2015)
tt10042058,Fitrat,(2019– )
tt1487132,Aandhi,(2003– )
tt7001952,Khwaabon Ki Zamin Par - Zindagi,(2016–2017)
tt0397144,Ehsaas,(2003– )
tt9856052,Alarm,(2018– )
tt6575210,Hubahu,(2002)
tt6953908,Gangs of Hassepur,(2014)
tt5960174,Raaz Pichhle Janam Ka,(2009–2010)
tt5285754,Manzil,(1995–1996)
tt6380676,Aasmaan Se Aagay,(1994–1995)
tt10011796,Arre Ho Ja Re-Gender,(2016)
tt5572910,Akela,(2002–2003)
tt8835652,Tera Mujhse Hai Pehle Ka Naata Koi,(2010–2011)
tt6265394,What If by SnG Comedy,(2016– )
tt0250134,Ados Pados,(1984– )
tt8369700,Ghar Ek Sapnaa,(2007–2009)
tt5831438,Udaan,(1989–1991)
tt7998170,Jaat Ki Jugni: Ek Visphotak Prem Kahaani,(2017)
tt2451974,Sparsh,(1998–2000)
tt9439486,What's Up Bai,(2018– )
tt1373021,Oye! It's Friday!,(2008– )
tt2557512,Umang Tarang,(1989)
tt3966616,Choti Si Kahani,(2011– )
tt9174322,I can you can,(2017)
tt7964022,Naam Gum Jayegaa,(2003)
tt5029068,Dhadkan,(2002–2003)
tt2557610,Teacher,(1998–1999)
tt6323386,Aakhir Kaun,(1996–1997)
tt1963638,Roomies,(2009–2010)
tt3832068,Saahil,(1996)
tt5826932,Aurat,(2001–2003)
tt9916128,Salt City (India),
tt7431572,Mano Ya Na Mano,(1995)
tt1267410,Grihasti,(2008– )
tt5581704,Reporter,(1994–1995)
tt5581432,Saboot,(1998–1999)
tt6220856,Raj Kahani,(1997–1998)
tt7194736,Mahakaali - Anth Hi Aarambh Hai,(2017– )
tt2290762,MTV Rush,(2012– )
tt0398525,Nandu Apna,(2003– )
tt8772364,Swim Team,(2015–2016)
tt5830276,Kkehna Hai Kuch Mujhko,(2004–2005)
tt5915502,Coke Studio @ MTV,(2011– )
tt3867586,Riyasat Aka Kingdom of Hearts,(2005–2006)
tt10045314,NIS Patiala,(2019– )
tt2424984,Darr,(1995–1996)
tt4092096,Raavi (BigMagic),(2013– )
tt10005718,Detective Omkar Nath (D.O.N.),(2006)
tt0398594,UGC Programme,(1988– )
tt10042260,Beekaboo,(2019– )
tt8736312,Guftagoo,(2011– )
tt5281462,Adalat,(1993–1994)
tt0398490,IGNOU Programme,(1987– )
tt0156203,Chhoti Badi Baatein,(1986– )
tt0401954,Kya Hadsaa Kya Haqeeqat - Kutumb,(2004– )
tt9855976,Liftman,(2018– )
tt6809196,Ji Mantriji,(2001)
tt8943426,Honi Anhoni,(2006–2007)
tt10010906,Mitegi Laxman Rekha,(2018)
tt5583078,Shapath,(1999–2000)
tt7997138,Par Is Dil Ko Kaise Samjaye,(2002)
tt5583070,Nehle Pe Dehla,(1999–2000)
tt0402712,Urmila,(2002– )
tt7976550,Hum Dono Hain Alag Alag,(2009)
tt5029050,Dastaan,(1994–1995)
tt6481450,Shiv Mahapuran,(2002–2003)
tt0307783,Mumkin,(1996– )
tt8925254,Armanon Ka Balidaan-Aarakshan,(2010–2011)
tt3908228,Lo Ho Gayi Pooja Iss Ghar Ki,(2008–2009)
tt5632146,Mrityunjay,(1997–1998)
tt1863527,Basera,(2009–2010)
tt6917820,Sanrachna,(2014)
tt6940718,A Frustrated Software Engineer,(2014– )
tt9890660,Global Poker League: India,(2019– )
tt3833728,Zindagi Milke Bitayenge,(1997)
tt8759452,Mohi,(2015–2016)
tt8464574,Surya the Super Cop,(2011)
tt7416834,Khwaish,(2007–2008)
tt3674858,Nestle Nido Young Stars aka Nido Ye Tare Hamare,(2008–2010)
tt9066222,Chehra,(2009)
tt6953940,The House That Made Me,(2013)
tt0390750,Paltan,(1997– )
tt1493343,Burey Bhi Hum Bhale Bhi Hum,(2009– )
tt6123828,Magar Ke Nagar,(2011–2012)
tt6392410,Truck Dhina Dhin,(1999–2000)
tt9466630,Sanyukt,(2016–2017)
tt5038326,Aankhen,(1995–1996)
tt1491202,Har Ghar Kuch Kehta Hai,(2007– )
tt7218616,Once Upon a Time with Vikram Bhatt,(2016– )
tt7976536,Teen Bahuraaniyaan,(2007–2009)
tt4509906,Vishakha Is Kidnapped: Savdhaan India,(2013– )
tt9856058,Dp Guru,(2017– )
tt8024592,Sukh by Chance,(2009–2010)
tt4476002,Savdhaan India: Punjab Fight Back Now,(2015– )
tt4061674,Aisa Des Hai Mera,(2006)
tt1552853,Kulvaddhu,(2006– )
tt3844938,Bhoothnath,(1989–1990)
tt6193574,Khidki,(2016– )
tt2452080,Bestsellers: Ek Shaam Ki Mulakaat,(1999–2000)
tt8694106,Jo Jeeta Wohi Super Star,(2008–2012)
tt9042372,Amma,(2016)
tt1297173,Rahat,(1995– )
tt5639860,Kahin Der Na Ho Jaye,(1995–1996)
tt2557588,Suhana Safar,(1995)
tt10010914,Chupke Chupke,(2017)
tt8925278,Hawan,(2011–2012)
tt4560326,Kohinoor,(2005– )
tt5279590,Mahanagar,(1988–1989)
tt1328916,Adhikaar,(2004– )
tt5616604,Naya Nukkad,(1993–1994)
tt6603074,Yeh Gulistan Hamara,(1992–1993)
tt0274292,Sukanya,(1998– )
tt7295018,Chupaun Kaise... Laga Chunri Mein Daag,(2014–2015)
tt6805396,Ranbir Rano,(2008–2009)
tt9160024,Khushiyon Kii Gullak Aashi,(2014)
tt4296644,Halla Bol 2,(2014– )
tt8862874,Tujhse Hai Raabta,(2018– )
tt9737656,Main Bhi Ardhangini,(2019– )
tt4703656,Alif Laila,(1997–2002)
tt2265000,Mann Ki Awaaz Pratigyaa,(2009– )
tt6380794,Zimbo,(1996–1997)
tt2555996,Suraj: The Rising Star,(2012– )
tt5830396,Siddhant,(2005–2006)
tt5613886,9 Malabar Hill,(1998–1999)
tt1593385,100% De Dhana Dhan,(2009– )
tt9843074,Band Baajaa Bride,(2013–2014)
tt0157231,Kakaji Kahin,(1988– )
tt4896462,Aashiq Biwi Ka,(2009–2010)
tt7130382,Paltan Meri Shaan,(2015–2016)
tt10087198,India Banega Manch,(2017)
tt3267406,VandeMataram: History of India's Wars,(2013– )
tt9856088,Married woman diaries phase 2,(2018– )
tt5429972,Rann VJ Run,(2013– )
tt10142126,Sun yaar chill maar,(2006–2009)
tt9553094,Consti-tuition,(2017– )
tt7620022,Star Bestsellers: First Kill,(1999)
tt6179724,Parivartan,(1992–1993)
tt8866842,Turning Point,
tt5029216,Shikast,(1993–1994)
tt10080906,Hey... Yehii to Haii Woh!,(2004–2005)
tt6027898,Krantijyoti Savitribai Phule,(2016–2017)
tt0397143,Dishayen,(2004– )
tt5462368,Cincinnati Bublaboo,(1998–1999)
tt0390681,Ajeeb Dastaan Hai Yeh,(1997– )
tt4907940,Anhonee,(1997–2000)
tt1604826,SAB Ka Bheja Fry,(2007– )
tt3897394,Samandar,(1995–1996)
tt0397151,Gayatri Mahima,(2003– )
tt5121042,Aaj Ki Raat Hai Zindagi,(2015– )
tt2361160,Hum,(2011–2012)
tt9039462,Power Couple,(2015–2016)
tt9869336,Krishnaben Khakhrawala,(2010–2011)
tt8466856,Mayavi Maling,(II) (2018– )
tt0240287,Mr. Yogi,(1989– )
tt5639820,Kahan Se Kahan Tak,(1996)
tt10005842,Annu Ki Ho Gayee Wah Bhai Wah,(2007–2008)
tt4674768,Beend Banoongaa Ghodi Chadhunga,(2011–2012)
tt4002902,Khata Rahe Mera Dil,(2011– )
tt4965858,Dhundh,(1999–2000)
tt1862195,Dance india dance doubles,(2011– )
tt6929738,Super Bheem,(2017– )
tt0816024,Khwahish,(1999–2000)
tt5781892,Parsai Kehate Hain,(2001–2002)
tt7450528,Kammal,(2002–2003)
tt2186937,Mahayatra Rishton Ka Anokha Safar Star Plus,(2010– )
tt5580518,Jaane Bhi Do Paro,(1998–1999)
tt7134694,Khatmal E Ishq,(2016–2017)
tt6027464,Dance Premier League,(2009– )
tt0157241,Rajani,(1985– )
tt1889877,Jhoome Jiya Re,(2009– )
tt5554968,Yeh Dil Chahe More,(2006–2007)
tt6346120,Yeh Ishq Nahin Aasaan,(1997–1998)
tt8325300,Judaai,(2018– )
tt8273374,Date Trap,(2011–2012)
tt6339960,Gaatha,(1997–1998)
tt4660612,Rooh,(2004– )
tt4476042,Kismat Connection,(2015– )
tt8796940,Mission Sapne,(2014–2016)
tt5102244,Sadma,(1994– )
tt6424788,Maila Anchal,(1990–1991)
tt9249078,Ayushmaan,(2004–2005)
tt1863771,Jugni Chali Jalandhar,(2009–2010)
tt10016556,Vatsyayana,(2018– )
tt5583100,Choti Muh Aur Badi Baat,(1998–1999)
tt5830182,Pradhan Mantri,(2001– )
tt3652606,Nestle Nesvita Woman of Strength '09,(2009– )
tt6380642,Rajani,(1993–1994)
tt9025464,Paalkhi,(2005–2006)
tt8522614,Sabse Smart Kaun?,(2018– )
tt8677758,Ek Packet Umeed,(2008)
tt0758898,Time Bomb,(2005– )
tt1282264,Biggest Loser Jeetega,(2007– )
tt10045256,Hum Tum Them,(2019– )
tt5559636,Tanav,(1994–1995)
tt5578920,Yeh Hain Raaz,(1998–1999)
tt8603126,Tales of Akbar & Birbal,(2003–2004)
tt9861350,Total Nadaniyaan,(2015)
tt5023990,Jeevan Mrityu,(1994– )
tt2331851,Indian Cricket League,(2007–2009)
tt5546796,Ek Tukda Chand Ka,(2001–2002)
tt5025782,Margarita,(1997– )
tt9249026,Hum Ladkiyan,(2008–2009)
tt7154572,The Golden Years with Javed Akhtar,(2016– )
tt3883040,Sarkar Sahab Aka Evicted Lord,(2007–2008)
tt0154072,Ladoosingh Taxiwala,(1976– )
tt7489662,Chase,(2016– )
tt10111456,The Journey Into Night,(2019– )
tt9343890,Confessions of an Indian Teenager,(2013–2014)
tt4586730,Hello Pratibha,(2015– )
tt7263822,Kahani Terrii Merrii,(2003)
tt2556102,Sara Jahan Hamara,(1994–1995)
tt6117008,Bombay Talking,(2005)
tt5619362,Love in Bombay,(2001–2002)
tt5547524,Pyar Zindagi Hai,(2003–2004)
tt0866509,BPL Oye!,(1994–1997)
tt10103534,Chalo Saaf Karein,(2019– )
tt7963758,Kittie Party,(2002–2004)
tt8960160,Savdhaan India Crime Alert,(2012–2013)
tt8780098,Khana Khazana,(1993–2012)
tt10005800,Pari Hoon Main,(2008)
tt0401067,Subah Savere,(2002– )
tt3820902,Aha,(1995–1996)
tt5627960,Amar Prem,(1996–1997)
tt7395390,Phir Jeene Ki Tamanna Hai,(2014)
tt7004298,Manoranjan,(1987–1988)
tt4579960,Aavishkaar: Ek Rakshak,(2004– )
tt2579918,Saturday Suspense,(1997–1998)
tt10055722,Horn Ok Please,(2018– )
tt0389705,Zindagi,(1987– )
tt3810840,Vansh,(1995–1996)
tt8841560,Meri Maa,(2011–2012)
tt1863661,Ek Chutki Aasmaan,(2010–2011)
tt10087150,Veer Shivaji,(2011–2012)
tt5580714,Taqdeer,(1998–1999)
tt9642576,Regiment Diaries,(2018–2019)
tt1506919,Twinkle Beauty Parlour - Lajpat Nagar,(2006– )
tt9170652,Piya Ka Ghar Pyaara Lage,(2011–2013)
tt8024604,Waqt Batayega Kaun Apna Kaun Paraya,(2008)
tt8071640,Alaxmi: Hamari Super Bahu,(2012–2013)
tt1004884,Miit,(2002–2003)
tt5627976,No Problem,(1996–1997)
tt2614000,Apne Paraye,(2001–2002)
tt4974626,Kawan Kitchen Mate,(2014– )
tt0845814,Maharath,(1996– )
tt7230844,Purvai Ek Nayi Aasha,(2016)
tt6954978,Classic Legends,(2011–2013)
tt7430954,Sa Re Ga Ma Pa,(2016)
tt1648136,Aap Jo Bolen Haan Toh Haan,(2003– )
tt6417250,Success Stories,(2017– )
tt10087194,Rex Talk,(2016)
tt8968764,Naari,(2018– )
tt0401909,ATN: Hindi News,(1971– )
tt6684956,Yudh,(1994–1995)
tt0397204,Talaaq Kyun,(2003– )
tt6955844,Rakkt,(2015)
tt10161794,MTV Ace of Space,
tt9646316,Jodee Kamaal Ki,(2006–2007)
tt9128936,TED Talks India Nayi Soch,(2017–2018)
tt1647964,Who Done It?,(2010– )
tt9284378,Sector 12 Ka Kitty Club,(2018– )
tt1135859,Fascínios,(2007–2008)
tt5616662,Adhikaar,(1996–1997)
tt0091233,Hum Hindustani,(1986– )
tt9249056,Hare Kkaanch Ki Choodiyaan,(2005–2006)
tt5578926,Neeyat,(1997–1998)
tt7168718,Aaj Ki Taza Khabar,(1987–1988)
tt6323400,Kismet,(1996–1997)
tt10062688,Crime Alert II independence Special Salma Aur Kashmir,(2018)
tt4914612,Star Bestsellers: Masoom,(1999–2000)
tt7154758,Dance India Dance USA Edition,(2013– )
tt5616624,Jazbaat,(1995–1996)
tt7938032,Thodi Khushi Thode Gham,(2006–2007)
tt8264374,Dum Dama Dum,(1998– )
tt7415678,Kaun,(1987–1988)
tt5182684,Spice of Life,(2015– )
tt8859830,Shorr,(2010–2011)
tt0809401,Sarrrkkar: Risshton Ki Ankahi Kahani,(2005– )
tt2473622,Rajdhani,(1999–2000)
tt0158429,Sauda,(1992– )
tt8765164,Justujoo,(2001–2002)
tt6574356,Gulmohar West,(1992–1993)
tt8024618,Sujata: Ek Stree Ka Samarpan,(2008)
tt6149610,Yoga for You,(2008– )
tt7453862,Sankat Mochan Mahabali Hanumaan,(2015–2017)
tt9146034,Saath Rahega Always,(2005–2006)
tt7474534,Humnawaaz,(2015–2016)
tt10122670,Love School,(2015– )
tt1945346,Bitto,(2010)
tt6684992,Sheila,(1994–1995)
tt0244931,Swami,(1987– )
tt2168391,Crime and Bollywood,(2011– )
tt10122736,Entertainment Ki Raat,(2017– )
tt4673986,Shaktimaan the Greatest Cyber Yogic Hero,(2011– )
tt2459536,Gumarah,(1995–1996)
tt9440418,Masakali,(2014–2015)
tt9856164,Tring tring,(2017– )
tt3852622,Moorat Aka Eunuch's Wedding,(2004–2005)
tt2118304,MTV Rock On,(2009– )
tt4009866,Manzil Aka Her Lost Destination,(2006– )
tt9872046,Paani Puri,(2008–2009)
tt8954820,Channel V Dare 2 Date,(2011–2013)
tt9174030,What the Duck,(2016)
tt9319914,D4 Get Up and Dance,(2016)
tt0283751,Kuha gaye woh log,(1985– )
tt7127944,Jeeney Bhi Do Yaaron,(2017)
tt7028054,Basera,(1991–1992)
tt9608932,Yes Sir,(1987–1988)
tt10055912,Dhunki,(2019– )
tt2452356,Kahkashan,(1991–1992)
tt9254574,Idhar Udhar,(1985–1998)
tt10055890,Soadies,(2016– )
tt5581430,Jaal,(1998–1999)
tt5847494,Life Ka Recharge,(2016– )
tt10011246,YOLO - You Only Live Once,(2017)
tt0401009,Garam,(2002– )
tt4981780,Mohandas B.A.L.L.B.,(2001–2002)
tt5915430,MTV Unplugged India,(2011– )
tt9140890,Talkietive Reviews,(2018– )
tt0266133,Dharam Yuddh,(1988– )
tt5638508,Karamati,(1996–1997)
tt4914628,Star Bestsellers: Kya Yehi Pyar Hai,(1999–2000)
tt8603152,Singhasan Battisi,(2011–2012)
tt5062836,Adha Sach Adha Jhoot,(1987–1988)
tt2010854,Mujhe meri family se bachao,(2011– )
tt2555998,Tere Mere Sapne,(1996–1997)
tt8779772,Risshton Ki Dor,(2006–2007)
tt0406391,Ankhon Dekhi,(2002– )
tt3820956,Taanav,(1994– )
tt0233074,Lohit Kinare,(1988– )
tt6122112,Mallika - e - Kitchen,(2009–2012)
tt4963888,Rishtey: Halki Si Dhoop,(1998–1999)
tt1268688,Log Kiya Kahengay,(1993– )
tt7272360,Rekhaa 011-30453607,(2017– )
tt9602824,Avinash I.P.S,(2002–2003)
tt3833390,Guldasta,(1987–1988)
tt0402670,Krishi Darshan: Grameen Bharat,(2000– )
tt1963147,Laugh India Laugh,(2010– )
tt5269364,Bheem Bhavani,(1990–1991)
tt0391589,Chhaya Geet,(1972–1982)
tt9156610,Ramayana,(2016)
tt3784686,Awaz dil se dil tak,(2003–2004)
tt7547426,Keshav Pandit,(2010)
tt4011024,Heart Talks,(2000– )
tt6610660,Khazana,(1986–1987)
tt9856016,Samadhan Ki Samasya,(2017– )
tt5638394,Agar Aisa Ho To,(1990–1991)
tt2169251,Mirchi Top 20,(2005– )
tt5580528,Dawn,(1998–1999)
tt5628148,Satya,(1996–1997)
tt5850554,Your Honour,(2000–2001)
tt8006496,Sare Jaha Se Achha: Web-Series,(2018– )
tt6186398,Instant Khichdi,(2005–2006)
tt4963954,Lakshya,(1999–2000)
tt10116026,Bhagyavidhaata,(2009–2011)
tt5471242,Main Anari Tu Anari,(1995–1996)
tt9174590,What the Duck Season 3,(2018)
tt6118642,Baazi Dimaag Ki,(2009–2010)
tt9170526,Tujh Sang Preet Lagai Sajna,(2012–2013)
tt6574830,Raj Se Swaraj,(1986–1987)
tt9760458,Pyaar Mein Twist,(2011)
tt7415668,Qaid,(1985–1986)
tt9710658,Zameen Se Aassman Tak,(2004)
tt6120398,Framed with the stars of Kaminey,(2009– )
tt1648139,Thriller at Ten,(2000–2002)
tt6402246,Heropanti Chalu Hai,(2017– )
tt2473468,Saturday Suspense: Paheli,(1998–2000)
tt9855058,Jahnvi,(2018)
tt2371901,Paddle Pop: Pyrata,(2008– )
tt10122704,Shani,(2016–2018)
tt6421030,Sahara,(1997)
tt5608906,Pro Kabaddi League,(2014– )
tt5583204,Ek Aur Kahani,(1999–2000)
tt3442428,Kambakht Ishq - Ittefaq,(2002–2003)
tt3773932,XP Guide,(2011– )
tt3835426,Papa Ban Gaye Hero,(2002)
tt6676100,Ehsaas,(1994–1995)
tt6339988,Farz,(1997–1998)
tt9036444,Sanjha Chula,(1990–1991)
tt8273438,Yeh Hai Aashiqui,(II) (2013–2014)
tt5508914,Mystical Mastani,(2015– )
tt5420170,Sahib Biwi Gulam,(2004–2005)
tt2113722,MTV Splits Villa 3,(2009– )
tt10055754,"Stupid man, smart phone",(2017– )
tt5974778,Karmbhoomi,(2016– )
tt2569546,Intel MTV Sound Trippin,(2012– )
tt5281514,Ardhangini,(1996–1997)
tt9614946,McDowell's No 1 Soda No 1 Yaari Jam,(2019–2020)
tt8007034,Koie Jane Na,(2004)
tt7418954,Aradhana,(1990–1991)
tt4914684,Apne Jaise Types,(1996–1997)
tt10127390,Agar Tum Saath Ho,(2016–2017)
tt6684980,Rishte,(1994–1995)
tt5638482,Shesh Prashna,(1993–1994)
tt2452744,Star Bestsellers: Bhoron Ne Khilaya Phool,(1999–2000)
tt7998268,Manshaa,(2004)
tt5619386,Mr Mintoo,(1996–1997)
tt10127374,Akbar rakht se takht ka safar,(2017– )
tt1661523,Chashme Badoor,(1998–1999)
tt4658052,Mooh Boli Shaadi,(2015– )
tt10016350,Desi tales,(2018– )
tt9125728,Looteri Dulhan,(2011)
tt5165688,HRX Heroes,(2015– )
tt8791912,Amrapali,(2002–2003)
tt6610646,Kabhi Door Kabhi Paas,(1986–1987)
tt4298560,Drama Hee Drama,(1998– )
tt9636822,Basera,(2000–2001)
tt7398688,Pyaar Tune Kya Kia Season9,(2017)
tt9637150,Amrita,(1987–1988)
tt2767878,The Tara Sharma Show,(2013– )
tt4040676,Allen's Soothers Boombastic,(2000)
tt0398576,Swaranjali,(2003– )
tt9099142,Draupadi,(2001–2002)
tt2473504,Naya Daur,(1997–1998)
tt8379096,Kunwara Hai Par Hamara Hai,(2017–2018)
tt9174572,WTD Googlies,(2018)
tt7963694,Khushi,(2000–2001)
tt3908270,Mamla Gadbad Hai,(2000–2001)
tt0307821,Sab Golmaal Hai,(1997– )
tt7963922,Saaksshi,(2004)
tt6805456,Jaha Pe Basera Ho,(2008)
tt7834134,Pathrai Aankhon Ke Sapne,(1999)
tt5102206,Lux Kaun Jeetega Bollywood Ka Ticket,(2008– )
tt5581720,Ek Bhool,(1988–1989)
tt3267188,Director's Cut with Kabir Bedi,(2008– )
tt5640994,Khushi,(1995–1996)
tt5581356,Woh Sach Hai,(1997–1998)
tt3822518,Yugantar,(1995–1996)
tt1615960,Extraordinary Canadians,(2011– )
tt9632176,Maaro Goa,
tt5458300,Star Bestsellers: the Ring,(1999– )
tt2614002,Ittefaq,(2001–2002)
tt5583180,Zanjeerein,(1999)
tt2473568,Hum Bambai Nahin Jayenge,(1994–1995)
tt1854768,Hello Bollywood,(1998–2000)
tt0241109,Intezzar,(1988– )
tt7589588,Comedy Ka Maha Muqabala,(2011– )
tt0259154,Shadi Ya...,(1993– )
tt0155421,Adhikar,(1988– )
tt5632136,Mast Mast Hain Zindagi,(1997–1998)
tt5045486,Kalakaar,(1994–1995)
tt7963766,Kudrat,(2001)
tt10122184,Aladdin,(2007– )
tt10042264,Nescafe Basement,(2019– )
tt10011784,JamToast,(2018)
tt2567652,Hum Dono,(1996–1997)
tt3751236,"Mausam, Seasons",(1998– )
tt4219404,Koi to ho ardhnarishwar,(2010– )
tt0397168,Koi Sapno Ke Deep Jalaye,(2003– )
tt10081438,Chhote Miyan Dhaakad,(2017– )
tt10128032,Chakradhari ajay krishna,(2001– )
tt0316996,Kya Masti Kya Dhum,(2001– )
tt2452224,Stars Bestsellers: Alvida,(1999–2000)
tt8469006,Tota Weds Maina,(2013)
tt7415858,Alibaba,(1991–1992)
tt5650088,Top Speed,(2006–2008)
tt6777550,Kaala Jal,(1983–1984)
tt3005872,Reality Stars,(2013– )
tt6380900,Black,(2007–2008)
tt7830878,Ek Laash,(1995–1996)
tt10128048,Comedy dangal,(2017– )
tt4338954,Pepsi Top of the Pops,(1995–1996)
tt5508964,Once More with Jaaved Jaaferi,(2014–2015)
tt7822786,Amul The Taste Of India,(2015)
tt9104678,Vijayta,(1995–1996)
tt4603546,Dial 100,(2000– )
tt8765724,Main Aisi Kyunn Hoon,(2007–2008)
tt4914694,Wajood,(2002–2003)
tt7563560,Purane Panne,(2017– )
tt4557478,The New Adventures of Hanuman,(2009–2010)
tt7246770,Streaming Now,(2017– )
tt4188014,The Fob and I,(2015– )
tt6820424,Andar Bahar,(1991–1992)
tt4165066,1857 Kranti,(2000–2001)
tt9070706,Shodh,(1984–1985)
tt9877418,Sai Bhaktoon Ki Sachchi Kahaniyaan,(2001)
tt9346672,Jaane Pehchaane with Javed Akhtar,(2015)
tt9099200,Tajurbe,(1994–1995)
tt5616586,Karz,(1996–1997)
tt8292386,Emotional Atyachaar,(2009–2011)
tt0402638,ETV Programme,(2002– )
tt9878816,Police Files,(2012–2013)
tt0397213,Vande Mataram & Thought for the Day,(2003– )
tt7405406,Shaamat: A Psychological Horror Thriller,
tt10016380,Lost & Found,(2016– )
tt0391676,Phool Khile Hain Gulshan Gulshan,(1972–1993)
tt0405559,Khushiyan,(2003– )
tt9855050,Mushaira Unplugged,(2017)
tt7112550,Lehren,(1989–1990)
tt8306742,Hum Hai Bajrangi,(2012–2013)
tt5066906,Kadwa Sach,(1980–1981)
tt4718554,The Making of Aurat aur Char Dewari Aka Women and Hurdles,(2007– )
tt0401977,Sahaj Swasthya,(2000– )
tt2365761,[v] Get Gorgeous,(2007– )
tt5268906,Ajube,(1992–1993)
tt5547006,Aap Ke Deewane Hain,(2003–2004)
tt0401002,Eminent Cartoonist of India,(2002– )
tt8107896,Kitchen Chronicles,(2016–2017)
tt5299310,Jarokha: Is Hafte Ki Kahani,(1995–1996)
tt5281460,Aparjita,(1993–1994)
tt8380128,Lootere Bandits of British India: Season 1,(2015)
tt2579886,Dear God,(1997–1998)
tt5619380,Kashish,(1992–1993)
tt10087502,The Anti Social Network,(2019– )
tt5632192,Pathjad,(1996–1997)
tt0482655,Desi Rhythms,(2003– )
tt9780192,Bikhare Hain Alfaaz,(2019– )
tt8216558,Pendu Pickle,(2018– )
tt0857196,Pehla Pyar,(1997– )
tt2314205,F.A.Q.,(2010– )
tt8469224,Asli Sardarji,(2016– )
tt3829396,Bushra Bushra,(2006)
tt5583134,Saath Saath,(1999–2000)
tt2368519,[v] Kidnap,(2009–2010)
tt5299270,Stree,(1993–1994)
tt0406427,Kisse Ek Hazar,(2002– )
tt0398421,Bhoomi,(2003– )
tt10098214,Padm Katha Shree Jain Ramayan,(2019– )
tt5580668,Colgate Top 10,(1998–1999)
tt0398462,Face in the Crowd,(2000– )
tt10102832,Mumbiker Nikhil Vlog,(2014– )
tt10016396,Stand Up Diaries,(2018– )
tt0398509,MTV: Made in India,(1997– )
tt2579962,"Star Bestsellers: Hello, May I Speak to Sanjay?",(1999–2000)
tt0401912,Awaaz,(2002– )
tt0402666,Kala Parikrama,(2002– )
tt7593278,Ehsaas,(1996–1997)
tt3308884,Apno Ke Liye Geeta Ka Dharmayudh,(2010–2011)
tt9680440,Untitled Clean Slate Project,
tt10124204,Webbed,(2013–2014)
tt4509920,Death in the Family,(2013– )
tt10122614,Savitri Devi College & Hospital,(2017–2018)
tt0401053,Primal Fashion,(2002– )
tt9632934,Yeh Hai Mumbai Meri Jaan,(2001)
tt8681306,Mind Flipped,(2018– )
tt0390730,Janata Ki Adalat,(1997– )
tt0401080,Zee News,(1992– )
tt0397188,Rishton Kee Doree,(2003– )
tt2579100,Stars Bestsellers: Zebra,(1999–2000)
tt4981820,Drishtaant,(1999–2000)
tt4457872,Baatein Kheti Ki,(2014– )
tt0398482,Haath Se Haath Mila,(2003– )
tt2492510,Ghar KI Baat Hain,(2009–2010)
tt10122690,Pantaloons Style Super Stars,(2019– )
tt7395516,Haunted Nights,(2014)
tt3824980,Sapno Ki Duniya,(1995–1996)
tt0398579,Take Care,(2003– )
tt5926822,Mirza Ghalib: The Playful Muse,(1989–1990)
tt2499772,Jeet Jayenge Hum,(2009–2010)
tt6069740,Maa Ki Mamta,(1991–1992)
tt0398475,Ghazal,(2000– )
tt7477324,Indian Martial Arts: Ek Itihaas,(2016– )
tt7981174,Sangursh,(1991–1993)
tt2556024,Zameer,(2000)
tt2130861,Just Dance: Taiyyari Jeet Ki,(2011– )
tt1477132,Kehta Hai Joker,(1999– )
tt2658392,Buzz of the Week,(2011– )
tt0405536,DD News: Headlines,(2000– )
tt2641886,Sach Hue Sapne Mere,(2008–2009)
tt0406485,Vote Ganit,(2002– )
tt5583052,Viraasat,(1999–2000)
tt3832062,Dal Mein Kala Hain,(1998–1999)
tt9856066,The real high,(2017– )
tt5678664,Rishte,(1990–1991)
tt0154093,Vividha,(1993– )
tt5352962,Alag Alag,(2000–2001)
tt10011612,Undefeated - Soldiers of Courage,(2017)
tt6335652,Jeene Bhi Do Yaaro,(1997–1998)
tt5631588,Yeh Hai Jhumri Talayiya,(1996–1997)
tt5613884,Samjhota,(1996–1997)
tt8866454,Australia tour of India in 2013-14,(2013)
tt4893014,Four,(2007–2008)
tt1132339,Nach Baliye 2,(2006– )
tt3469572,Summer Days,(2014– )
tt0398592,Turning Point,(1991– )
tt5026624,Vakalat,(1998–1999)
tt8896566,Folk Stars: Maati Ke Laal,(2015–2016)
tt6964250,The Retake,(2014)
tt10112382,UTV Chosen One,(2012)
tt1743524,Raveena and the Vampire,(2010– )
tt9581756,Zindagi wins,(2015)
tt6424766,Police File Se,(1987)
tt5807266,Indrajaal,(1995–1996)
tt0402702,TV Brands,(2002– )
tt5787396,The Workplace: Love Is War,(2016– )
tt6380612,Daane Anaar Ke,(1994–1995)
tt10157584,Dance Champions,(2017)
tt9871754,Santaan,(2007–2009)
tt0845883,Sidhhi,(1995– )
tt2888358,Post Midnight Hour,(1998– )
tt9070686,Lokmanya,(1998)
tt9861032,Tug of Love,(2018)
tt0273016,Rehnuma,(2000– )
tt6131700,On Camera with Ravie,(2016– )
tt8517602,VIVO #OnTheGo,(2018)
tt0397121,Abhiman,(2003– )
tt9490968,Parchhayian,(1996)
tt9174070,Paisa Vasool,(2017)
tt0395847,Chehere,(1968–1970)
tt10157588,Lip Sing Battle,(2017)
tt5583122,Ashiqui,(1998–1999)
tt0156219,Lok Gatha,(1992– )
tt9099340,Namaskar,(1992–1993)
tt9520498,Subconscious,(2019– )
tt1501442,Adventures of Chhota Birbal,(2002– )
tt6336436,One Plus One,(1997–1999)
tt4827440,Tujhsey Naraaz Nahi Zindagi,(2015– )
tt7510970,Kamagata Maru,(2018–2019)
tt2258860,Kumbh Karan,(2010– )
tt8805898,Khullja Sim Sim,(2001–2013)
tt7741798,Sambandh,(2001)
tt5631532,Mewa Lal,(1996–1997)
tt6446686,Meet Us in London,(1957)
tt5894646,Gumrah 5 End of innocene. #Reality check. India,(2016– )
tt5285776,Nai Dishayeh,(1990–1991)
tt6380814,Agwaah,(1996–1997)
tt4790468,Takkar,(2000–2001)
tt1807458,Patli Galli,(1999–2000)
tt10089092,The List,(2016– )
tt7246762,Rhythm & Rox,(2017– )
tt10162284,Star Parivaar Awards,(2003– )
tt7100864,Tripwithme,(2017– )
tt7144646,Albeli,(1993–1994)
tt8885214,Chaal,(1994–1995)
tt8927624,Kheti Se Lakhpati,(2010)
tt6120362,Chala Change Ka Chakkar,(2008– )
tt9856154,Lights camera arjun,(2017– )
tt0249309,Paoolkhuna,(1993– )
tt6714608,Rehne De,(2017– )
tt6820508,Hero,(II) (1992–1993)
tt6818484,Musibat Bolkey Aayee,(2002–2003)
tt0398464,First Show,(2000– )
tt0815783,Disney Club,(1995–1999)
tt2105388,Facteur Humain,(2008–2009)
tt9884332,Being A Sikh,(2019– )
tt10098246,Mahasati Maina Sundari,(2013–2014)
tt9850300,Amriki Dulha,(2017)
tt0401055,Rahne Ko Ghar Nahin,(2002– )
tt9174048,Viru Ke Funde,(2016)
tt0405566,Mahasangram,(2003– )
tt5580692,Champion,(1998–1999)
tt8747632,Samkaranti,(2018)
tt0402669,Khushboo,(2002– )
tt0401985,Sports Talk,(2000– )
tt3554434,Kalandar,(2011– )
tt5269362,Bano Begum,(1989–1990)
tt9537094,Smriti,(2000–2002)
tt0408395,Kashmir Nama,(2003– )
tt9856012,House Connection,(2017– )
tt2557646,Rishtey: Ward No.6,(2000–2001)
tt0397165,Janjatiya Darpan,(2003– )
tt7274384,Bharat Ek Darshan,(2013)
tt9710672,Kucchh Pal Saath Tumhara,(2003–2004)
tt5801490,Tasveer,(1996–1997)
tt7234868,Take 3,(2017– )
tt8680952,Biswas Ke upar Astha,(2014)
tt3313092,Deewarein,(1995–1996)
tt0406403,Chunav Ki Halchal,(2002– )
tt7010884,Vartmaan,(1994–1995)
tt4370322,Ugesh Sarcar's 3rd Degree,(2007–2010)
tt0787982,Panchatanthra,(2003– )
tt5299288,Shadyantra,(1996–1997)
tt7246764,Rox Lounge,(2017– )
tt3811436,Chattaan,(2000–2001)
tt10016398,Bharta,(2018– )
tt0401065,The Story of New Theatre,(2002– )
tt0401031,Man Apman,(2002– )
tt0405537,DD News: Issue of the Day,(2000– )
tt4723488,Kings to Commoners,(1987–1988)
tt0401975,Runak Jhun Jhun,(2000– )
tt0401004,Exposure,(2002– )
tt0400969,9 PM Report,(2000– )
tt0401013,Hello DD,(2000– )
tt0400983,Bollywood Lounge,(2002– )
tt0361205,MTV-U,(1997– )
tt0406483,Vishwa - Asia Samachar,(2002– )
tt5062788,Batwara,(2000–2001)
tt8537698,Kisano Ke Mahanayak,(2016–2017)
tt6956026,Lootere Bandits of British India,(2016– )
tt0390689,Chitrmala,(1998– )
tt6676146,Laila Majnu,(1994–1995)
tt0406456,Rajyon Se Samachar,(2002– )
tt5620536,Hina,(1996–1997)
tt5631658,Upanayas,(1996–1997)
tt0397156,Gyan Darshan,(2003– )
tt2672166,Cinema Review,(2011)
tt10081790,Naad Bhed,(2014)
tt5880642,Goonj,(2004–2005)
tt2493354,Desi Beats,(2011– )
tt5613876,Saraab,(1996–1997)
tt9856090,Black & white interview,(2016–2018)
tt2182977,Discover India,(2009– )
tt7899020,Sofa So Good,(2016– )
tt0266147,Honee Ahonee,(1988– )
tt0401015,Hit Filmein Hit Sangeet - 20 M,(2000– )
tt0402628,Devotional Programme,(2000– )
tt0405579,Nutrition Education,(2003– )
tt10087500,App Guru,(2016– )
tt3229274,Woh Kaun,(2002–2003)
tt5052926,Wheel of Fortune,(1996–1998)
tt3840662,Dil Ki Baatein,(2007– )
tt6170764,Yehi To Pyar Hai,(2000–2001)
tt1369624,Jataka Tales,(2003– )
tt6069756,Bhagya Abhagya,(1993–1994)
tt0405538,DD News: Metro Scan,(2000– )
tt6069748,Chere Pe Chera,(1993–1994)
tt9636798,Antaral: A Gap in Time,(1999)
tt7040268,F.I.R Jurm Ki Duniya Se,(2006–2007)
tt0405592,Saat Rang Sharad Ke Sang,(2003– )
tt0405540,DD News: Press Review,(2000– )
tt6946972,The TOTT Show,(2012)
tt8955020,Channel V Campus Blog,(2010–2012)
tt10011676,Speak Out with Nafisa,(2018)
tt9817194,Fear Factor India,(2006)
tt9534816,Bablu hai na,(2017)
tt8482938,Vishwas,(2003–2004)
tt0397195,Shikwah,(2003– )
tt1755604,Mission Ustaad,(2007–2008)
tt4963874,Rishtey: Nayee Buniyad,(1997–1998)
tt7206434,Zindagi Ka Formula,(2017– )
tt1845941,Aur Bhi Hain Raahein,(1986– )
tt10016404,This Week in Food,(2017– )
tt0405539,DD News: News & Current Affairs Programme,(2000– )
tt6574326,Manzilien,(1992–1993)
tt9850346,Kitchen Politics,(2014)
tt0402647,Great Experiment,(2002– )
tt0402648,Health Show,(2002– )
tt9856162,Nitibha knows,(2017– )
tt0401932,Fitness First,(2000– )
tt4687140,"Gaon Hamara, Shahar Se Pyara",(2015– )
tt0402688,Patrika,(2002– )
tt0400996,Daud,(2002– )
tt7235528,Arjun Pandit,(1992–1993)
tt5029186,Barood,(1996–1997)
tt10115390,Pepsi se badkar EK,(1996–1997)
tt3784696,Durgeshnandini,(2007–2008)
tt7246774,Red Hot Rox,(2017– )
tt0402700,Sugandh Maati Ri,(2002– )
tt0398586,Timba Roocha,(2003– )
tt0401017,INDyeah!,(2000– )
tt0154054,Ashanti Shantidas,(1977– )
tt5298362,Aahuti,(1992–1993)
tt8483096,Jung,(1998–1999)
tt6825280,Goongi Tareekh,(1991–1992)
tt0401006,Fashion Premiere,(2002– )
tt7632928,Hunnarbaaz: Skilled to Win,(2014– )
tt0402684,North East Programme,(2000– )
tt3550206,Mujahid-e-Azadi Ashfaqulla Khan,(2014– )
tt0398485,Himachal Diary,(2000– )
tt0390755,Purdah & Prayers,(1997– )
tt0398528,National Programme of Dance,(2000– )
tt8620184,Mujrim Kaun?,(2000–2001)
tt3323622,Tamanna,(1997–1998)
tt4413406,Su-Swasth: How to Get Eternal Health,(2009–2010)
tt0268828,Mayavi Jaal,(1992– )
tt7398630,ZEE ASPIRE,(2010)
tt6292066,Hanste Khelte,(1997–1998)
tt9856142,Glam It up,(2017– )
tt1845901,17 Sherly Road,(1996–1997)
tt5631860,They Call Me Dangerous,(1996–1997)
tt7598088,Chehra,(2001–2002)
tt5632176,Maya,(1997–1998)
tt8719572,Goa Goals,(2013)
tt8470024,Virgin House,(2015)
tt0402664,Joshilay,(2002– )
tt7608832,SID FARZ,(2014– )
tt10162316,Adbhut Ganesh Utsav,(2018– )
tt3822564,Apna Apna Style,(2000–2001)
tt10168634,Zindagi Abhi Baki Hai Mere Ghost,
tt7593118,Waqt Gujarta Hain,(1987–1988)
tt0401082,[V] Smash Hits,(2000– )
tt0398499,Khel Khel Mein Badlo Duniya: Quiz Show,(2003– )
tt0406407,DD News: Samachar Plus,(2002– )
tt5287994,Viruddh,(1997–1998)
tt9882674,Kya kahein,(2004–2005)
tt0397185,Pakwaan,(2003– )
tt7316582,Chhapte Chhapte,(1985–1986)
tt0154082,Ramlal Shyamlal,(1978– )
tt5619344,Rishtey -Ab Koi Gham Nahin,(2000–2001)
tt6443334,Cell Guru,(2005– )
tt6818500,Swayam Ek Ehsaas,(1999–2000)
tt5029008,Aksar,(1996–1997)
tt0405582,Pakistan Reporter,(2003– )
tt0401007,Film Topper: 301 Series,(2000– )
tt10115522,Criminal,(II) (2005–2007)
tt5656040,Chalo Chale Parades,(2002–2003)
tt0401041,National Programme of Music,(1999– )
tt0406424,Janadesh,(2002– )
tt6292170,Khamoshi,(1997–1998)
tt10115050,The Great Indian Yatra,(1995–2000)
tt5245024,Hasya Panchayat,(2012– )
tt6603020,Aashiana,(1993)
tt5583188,Grahak Dost,(1999–2000)
tt1369740,Sanatta,(2003– )
tt0400984,Bollywood Tonight,(2002– )
tt0397173,Mehfil,(2003– )
tt5635082,Rishta Kachche Dhaagon Kaa,(2001–2002)
tt8861916,Shiva,(2015– )
tt5285668,Chhodo Baat Purani,(1995–1996)
tt7593378,All the Best,(1992–1993)
tt1483565,AD-Mad Show,(1996–1997)
tt3313118,Aandhiyan,(1993–1994)
tt8583922,Kyun Apne Huye Paraaye,(2005–2007)
tt5882326,Jung,(2003–2005)
tt9856032,Get Access with Anuj,(2017– )
tt6820550,Jugal Bandhi,(1993–1994)
tt8938802,Confessions-The Truth Hurts,(2017– )
tt0402615,Anuradha: NLM Programme,(2002– )
tt0405535,DD News: From the States,(2000– )
tt8193234,The Great Indian Manovaigyanik Show,(1994–1995)
tt6684930,Miss Mary,(1994–1995)
tt0406444,Naya Savera,(2002– )
tt4955258,Vah Chaudhary,(2015– )
tt5301984,Nancy,(2011–2012)
tt2492666,Muqammal,(2003–2004)
tt8896500,Bhoot Bangla,(2006–2007)
tt7246776,Rox Night Out,(2017– )
tt3351168,Sabse Bada Rupaiyya,(2005–2006)
tt10089006,Urban Wanderers,(2016– )
tt5061164,Parakh,(1999–2000)
tt9114314,Mama Ji,(1992–1993)
tt4253710,Chai Time Aka Tea Time,(2005–2006)
tt9850352,E-buzz,(2016)
tt0405534,DD News: Asia News,(2000– )
tt0405541,DD News: Vishwa Samachar,(2000– )
tt4963894,Rishtey: Rang Di Chunaria,(1998–1999)
tt9298240,Legends of a Monkey God,(2018– )
tt0398411,Aaradhana,(2003– )
tt3675380,Ariel Mothers aka Ariel Maa,(2000–2002)
tt6603138,Pukar,(1992–1993)
tt8743202,Unmarried by POPxo,(2018– )
tt0402665,Kal Kothri,(2002– )
tt0401054,Radio Bandh,(2000– )
tt9491170,Hi Padosi Kaun Hai Doshi,(2011–2012)
tt6424796,Ghayab Aya,(1986–1987)
tt0857194,Khamosh,(1996–1997)
tt7415832,Sikka Badal Gaya,(1992–1993)
tt1795346,Mere Pass Maa Hai,(2000– )
tt0401047,Pankhuriyan,(2002– )
tt3820964,Thhoda Sa Aasman,(1995– )
tt0405581,PSBT Programme,(2000– )
tt0398420,Bhajan,(2000– )
tt0154056,Beesvah Unth,(1990– )
tt9880204,Royal Rasoi,(2012–2013)
tt4272744,Fanta Candid Camera,(1998– )
tt7575740,ChaiTunes Project,(2015– )
tt10055622,Lockdown,(II) (2018)
tt2492568,Safar,(1996–1997)
tt0405552,India Invented,(2003– )
tt0397193,Samachar,(1959– )
tt0402613,Agneepath,(2002– )
tt4061486,Wall's Paddle Pop Kids Club,(1994–1996)
tt0405527,Chunav Ki Aahat,(2000– )
tt0406399,Bollywood on Line,(2002– )
tt4423556,One Day Apprentice,(2006– )
tt9856046,Behind the stumps,(2018– )
tt7767636,Anhonee,(2018– )
tt0398428,Bollywood Tamasha,(2003– )
tt0406460,Rozana Aath Baje,(2002– )
tt0402699,Sports Hour,(2002– )
tt3312994,Raat Ki Pukar,(1994–1995)
tt2168749,Face the Review,(2008– )
tt0397200,Suchitra,(2003– )
tt10084886,Jhand Hogi Sabki,(2014– )
tt6952888,Making of Biggest Envelope of the World,(2016– )
tt5639832,Yarana,(1996–1997)
tt7301934,Secrets of Mind Power,(2017– )
tt0400979,Baaje Payal,(2002– )
tt0283732,Good Morning India,(1998– )
tt7593010,Majdhaar,(1991–1992)
tt1444361,Apne Dil Se Puchho,(2007– )
tt5641016,Ladaai,(1995–1996)
tt1661585,Jhootha Sach,(1997–1998)
tt0402639,Evening Live Show,(2002– )
tt9710686,Hamaari Beti Raaj Karegi,(2010–2011)
tt7401260,Ret Par Likhe Naam,(1984–1985)
tt10078912,Zaike Ka Safar,(1996– )
tt10092250,Kheteswar Mahima,(2017–2018)
tt2306997,Balidaan,(2006– )
tt10115308,Liberty Public Demand,(1995–1996)
tt5547872,Naa Jaane Kyon,(2006–2007)
tt0397224,Yaadein,(2003– )
tt7246766,Club Rox,(2017– )
tt10183686,Kiski Sarkar?,(2019)
tt10187118,69 Opposites Attract,(2018– )
tt10189394,Solah Singaarr,(2006–2008)
tt10189422,Sati... Satya Ki Shakti,(2006)
tt10189650,Dr. Bhanumati On Duty,(2016– )
tt10189740,Rajuben,(2017)
tt10210114,Hawa Badle Hassu,(2019– )
tt10210258,Job Time tv,(2010–2011)
